"ID","Usuario","Ubicacion","Contribuciones","Titulo","Fecha_Visita","Tipo_Visita","Fecha_Escrita","Sentimiento","Platos_Mencionados","Aspectos_Positivos","Aspectos_Negativos","Respuesta_Restaurante","Texto_Resena"
1,"Santi P","Pozuelo de Alarcón, España",106,"Muy bueno todo","sept 2017","Parejas","2017-09-16","Positivo","","Buena calidad, carta diferente, buena idea de negocio","","No","Genial y diferente carta y muy buena calidad de producto. Futuro de éxito para este pequeño local con una buena idea de negocio."
2,"KarolSeco","Barcelona, España",36,"Nuevo descubrimiento","sept 2017","Amigos","2017-09-07","Positivo","Tapas, raciones, vinos","Buen servicio, comida original y elaborada, sabores sorprendentes, buena selección de vinos","Local pequeño dentro, ruido/música no controlado","No","Han abierto hace muy poco, y desde el principio ha sido todo un éxito. Mezcla de buen servicio, comida original, elaborada y de unos sabores sorprendentes. Buena idea de tener tapas, raciones y platos mas grandes. Buena selección de vinos ya que no son los típicos... La única pega que pondría es que el sitio es pequeño dentro y la música o el ruido de las personas no esta controlado.Ya hemos ido varias veces, y las que nos quedan!!"
3,"Alejandro K","",9,"Me ha sorprendido...!!!","sept 2017","Amigos","2017-09-03","Positivo","","Buenísima calidad, precio ajustado","","No","Calidad no buena, buenísima....creo que marca la diferencia con el resto..!! Cierto que los precios ajustados, como han comentado en otra opinión, pero creo que si mantienen esta misma calidad, con nosotros tendrán unos clientes fijos..!! Muy recomendable...!! Gracias por hacernos disfrutar de una cena tan rica."
4,"Pilar S","Pozuelo de Alarcón, España",9,"Fenomenal","ago 2017","Amigos","2017-09-02","Positivo","Menú del mediodía, tapeo","Excelente cocina, todo riquísimo","","No","Desde su apertura, hemos ido varias veces, en pareja, con amigos, en familia, con otro grupo de amigos... y todos coincidimos, tienen una excelente cocina!!! Tanto de tapeo y picoteo como el menú de mediodía. Todo riquísimo."
5,"Lola Navarro","Pozuelo de Alarcón, España",18,"Sorprenderte","ago 2017","","2017-09-01","Positivo","Croquetas","Gran calidad, elaboración, presentación, trato cordial del personal","","No","Me sorprendió la gran calidad de sus platos la elaboración y presentación las croquetas maravillosas y todos los platos que tomamos increíblemente buenos y a destacar el trato cordial del personal Estoy deseando volver"
6,"Joserra V","Pozuelo de Alarcón, España",120,"Estupendo","ago 2017","En familia","2017-08-24","Positivo","Tapas, vinos","Gran calidad, buenos vinos","Local pequeño, se llena fácilmente","No","Es un local pequeño pero sugerente. La comida son tapas y raciones pequeñas pero de gran calidad acompañadas con buenos vinos en copas y botellas. Muy recomendable para picoteo o cena. En invierno se llenara fácilmente."
7,"usuario 13","Ontinyent, España",13,"Caro","jul 2017","Amigos","2017-08-20","Negativo","Tapas","Tapas elaboradas","Caras, hacía mucho calor dentro","No","Fuimos a picotear y a conocerlo. Tapas elaboradas y caras. Estuvinos dentro y nos salimos porque hacia mucho calor."
8,"Jose G","Pozuelo de Alarcón, España",548,"Delicioso 10","jul 2017","En familia","2017-07-22","Positivo","Ravioli de rabo, vieira, bombas con foie, croquetas de la casa","Trato excelente, sabor extraordinario","","No","Increiblemente bueno. Tomamos cuatro tapas. El ravioli de rabo extraordinario. La vieira exquisita. Las bombas con foie muy buenas y las croquetas de ls casa ricas. El trato excelente. Gracias por poner un local tan especial en Pozuelo. Seguid así y tendreis unos clientes habituales. Ya estoy esperando volver oara probar otras de vuestras creaciones."
9,"Pichonn7","Madrid, España",1,"Grandes sabores y personal de 10","jul 2017","Amigos","2017-07-24","Positivo","Vinos","Sabores y texturas originales, carta de vinos diferente, atención y profesionalidad de 10","","No","Fui por casualidad a los pocos días de abrir el restaurante y verdaderamente quedé sorprendido con la comida. La mezcla de sabores y texturas me resultó muy original y descubrí una carta de vinos completamente diferente a la que se suele encontrar en este tipo de locales. Todo el personal destaca por su atención y profesionalidad. Sin duda repetiré, uno de los grandes descubrimientos de este año!"
10,"Koko K","Madrid, España",13,"Un sitio sorprendente","jul 2017","Parejas","2017-07-19","Positivo","Vieira sobre alga","Platos sorprendentes y ricos, servicio inmejorable (Oscar), precio ajustado","","No","Es increíble, tiene unos platos sorprendente y muy ricos. Mi favorito la viera sobre alga . El servicio es inmejorable en especial Oscar que está pendiente de todo. El precio muy ajustado. Muy recomendable"
11,"RaulMez","Madrid, España",1,"Me ha encantado!!","jul 2017","Parejas","2017-07-16","Positivo","Kimuchi de mariscos en tempura, cerveza","Rápido, atentos, buena música, comida sorprendente","","No","He cenado con mi novia y me ha encantado, comimos varias tapas frias y calientes,todo muy bueno, el kimuchi de mariscos me sorprendio, mariscos sobre una hoja en tempura, muy rico. Tambien fueron muy rapido y muy atentos, la musica muy buena y la cerveza, que no la conocia, bueno todo muy bien salimos muy contentos. Volveremos"
12,"Moli1111","",1,"Espctacular!!","jul 2017","Parejas","2017-07-14","Positivo","Tapas elaboradas","Sabores especiales, cocina de mercado auténtica, personal un encanto","","No","Vivo en el barrio estuve ayer de vinos y picoteo me me quede sorprendido unas tapas elaboradas y de sabores especiales , debajo del nombre pone cocina de mercado y tenian razon si quieres sorprender a alguien ahi lo vas a conseguir . El personal un encanto"
13,"rmantoranz","Martin",9,"Un pequeño gran descubrimiento","nov 2017","En familia","2017-11-02","Positivo","Migas con cigala, ravioli de rabo de toro, patatas bravas, vinos","Cocina medida y sorprendente, servicio atento, buena selección de vinos, asequible","Local pequeño","No","Primera visita, que espero de muchas. Un pequeño local con cocina medida y sorprendente. De lo que he catado me ha fascinado todo pero destaco las migas con cigala, el ravioli de rabo de toro y las originales patatas bravas. Asequible, servicio al idem del cliente y buena selección de vinos... Volveremos, sin duda. Mucha carta que probar, se intuye alto nivel."
14,"Cigleros","",87,"Excelente!!!","oct 2017","Parejas","2017-10-28","Positivo","Ensalada de langostinos, arroz meloso, alcachofas","Servicio magnífico, atento, profesional y rápido, calidad de restaurante en formato bar de tapas, excelente relación calidad-precio","","No","Lo vimos al pasar y consultamos en TripAdvisor, buenas críticas así que decidimos probar. El servicio magnífico, atento, profesional y rápido. Todo lo que probamos muy bueno, una ensalada de langostinos riquísima, un arroz meloso perfecto, unas alcachofas perfectas,... Si una pega. Un bar de tapas con nivel de restaurante. Relación calidad-precio estupenda, muy muy adecuada. Volveremos!!"
15,"Raquel R","Comunidad de Madrid, España",54,"Agradable pero no ponen tapa con la bebida","oct 2017","En familia","2017-10-28","Mixto","","Sitio agradable, comida rica","No ponen aperitivo con la bebida, caro (4-5€ tapa mínima), sillas altas incómodas, no hay mesas bajas","No","Un sitio pequeño , agradable y con comida rica . El problema que no ponen nada con la bebida y cualquier cosa pequeña que pides son 4/5€ y de ahí para arriba . Eso sí todo rico pero creo que caro Sillas altas No hay mesas"
16,"Carlos G","Pozuelo de Alarcón, España",1819,"Una buena opción","oct 2017","Amigos","2017-10-22","Positivo","Croquetas, arroz meloso, vinos","Bien decorado, platos correctos, buenos vinos","Pequeño, no es barato, lleno de gente","No","No conocía el sitio, esta muy bien decorado pero es pequeño. Creo que es más de tapeo que para ir a cenar porque estaba lleno de gente. No es barato pero esta bien, las croquetas correctas, el arroz meloso también, etc. Todo correcto, buenos vinos, repetiremos para ver si fue casualidad"
17,"IgnatiusRed","Madrid, España",11,"Descubriendo un tesoro","oct 2017","Negocios","2017-10-20","Positivo","Lentejas con sacramentos, arroz meloso con queso y setas, merluza, bacalao, carrilleras de ternera con vainilla, tarta de queso, cremoso de chocolate","Personal atento y eficiente, comida rápida y excelente, sabores y texturas excepcionales, buena música","Menú de 14.90€ ligeramente caro para la zona, no tienen cafetera, mesas altas incómodas, mapa engañoso","No","Fuimos a comer 4 personas del menú que tienen... El arroz fue un plato excelente... Las carrilleras, excelentes también... Los postres elegidos fueron tarta de queso y cremoso de chocolate... Personal atento, servicial, muy agradable, y muy eficiente..."
18,"AnitaWall","",259,"Sorpresa de las buenas","sept 2017","Parejas","2017-10-16","Positivo","Foie, tartar, ravioli, croquetas","Muy buenas elaboraciones, flexibilidad de raciones/tapas","Local muy pequeño, problemas de espacio en invierno","No","Fuimos a picar algo y estaba todo buenísimo. Tienen tapas frías y calientes, de mayor o menor tamaño, lo que te permite hacerte el menú al milímetro. Muy buenas elaboraciones y muy ricas las mezclas y sabores. Probamos el foie, el tartar, los ravioli, las croquetas...todo muy rico. El sitio es un poco pequeño..."
19,"Nacho_Sanchez","Pozuelo de Alarcón, España",1,"Sorpresa en Pozuelo","oct 2017","Parejas","2017-10-16","Positivo","Croquetas, kimuchi de mariscos, cigala salteada con migas","Personal agradable, buen asesoramiento en cantidades y platos, calidad superior","","No","El primer problema que tuvimos... es que queríamos pedir toda la carta... Nos aconsejaron perfectamente... Ojo con las croquetas, el kimuchi de mariscos, la cigala salteada con migas... Superior. El personal muy agradable."
20,"Juakifoto","",7,"Extraordinario","jul 2017","Amigos","2017-10-03","Positivo","Menú","Calidad de producto, excelente cocinado, sitio agradable","","No","Conocía La Roca, por haber estado previamente en el local de Miranda de Ebro. En ambos tuve la misma sensación de sitio agradable... pero sobre todo, de calidad de producto y excelente cocinado. Cambiaron el menú y seguía siendo tan bueno como el anterior."
21,"ppbescansa","Madrid, España",2,"Cena Amigos","sept 2017","Parejas","2017-09-29","Positivo","","Comida fantástica, buen servicio, precio adecuado en carta","","No","Fantastico!, nos ha encantado todo. La comida, el servicio y el precio no lo sé porque estamos terminando, pero segun carta está muy bien. Muy recomendable!"
22,"Iñigo C","Bruselas, Bélgica",1,"El mejor tapeo de la zona norte","sept 2017","Amigos","2017-09-29","Positivo","Raviolis","Alto nivel gastronómico, Óscar encargado de 10","","No","Sin competencia Los raviolis un must Oscar un encargado 10 Para repetir muchas veces Ya era hora este nivel en pozuelo"
23,"Félix P","",3,"Que bueno","sept 2017","Parejas","2017-09-27","Positivo","Tapas","Tapas espectaculares, servicio excelente, ambiente acogedor","Mesas altas","No","Tapas y platos espectaculares. Y mejor servicio. Mesas altas, pequeñito, como en casa. Elijas lo que elijas aciertas."
24,"Bergamoto","Madrid, España",36,"En caída libre ?????????","sept 2017","En familia","2017-09-26","Negativo","Sashimi de atún, hamburguesas","Servicio adecuado","Calidad en declive, atún incomible con nervios y retales, hamburguesas pasadas con pan aceitoso","No","Tercera visita en familia, la primera visita fue estupenda... la segunda a menos... y tercera visita este mismo sábado con un producto de mala calidad como el sashimi de atún fuera de carta... las hamburguesas excesivamente hechas y con el pan mal cortado lleno de aceite."
25,"franja01","",1,"Superando expectativas","sept 2017","Parejas","2017-09-24","Positivo","","Trato excelente, buenos consejos del personal, comida sorprendente","","No","Encantado con el lugar, trato excelente, nos dejamos guiar por los consejos del personal y la comida fué una gratisima sorpresa. Seguro que repetimos..."
26,"Anarell","",30,"Grata sorpresa","sept 2017","Parejas","2017-09-21","Positivo","Postres","Local moderno y chulo, comida buenísima de calidad, servicio muy bueno","","No","El local nos llamó la atención es muy chulo y moderno.. La comida buenísima, el servicio muy bueno , nos fuimos encantados Toda la comida es de muy buena calidad ,los postres diferentes"
27,"Antonio P","",15,"Mucha calidad y buen servicio","sept 2017","En familia","2017-09-20","Positivo","","Platos originales y de calidad, servicio atento y organizado, cocina rápida","","No","Platos originales y con calidad, el servicio muy atento y bien organizado, la cocina rapida y en su punto"
28,"Ana S","Madrid, España",8,"Maravilloso","dic 2017","En familia","2017-12-29","Positivo","Vinos, cerveza","Comida excepcional, servicio estupendo, precios razonables, opción take away","Mesas altas no muy cómodas","No","La comida excepcional a precios razonables y el servicio estupendo. Las mesas son altas y no muy cómodas pero merece la pena por lo bue o que está todo. Los vinos están todos ricos, al igual que la cerveza. Además puedes encargar comida para llevar."
29,"Zamu R","",5,"Recomendable","dic 2017","Amigos","2017-12-18","Positivo","Vinos, tapas","Buenos vinos, tapas excelentes, precio ajustado, buen ambiente","","No","Buenos vinos, tapas excelentes y ajustadas de precio, ambiente muy bueno. La verdad que me sorprendió, volveremos."
30,"Teito R","",4,"La mejor barra de Pozuelo","dic 2017","Amigos","2017-12-17","Positivo","Kimuchi, ravioli de toro, croquetas","Servicio espectacular, rapidez, buen asesoramiento","Suele estar muy lleno","No","Marca la diferencia, espectacular el servicio y cada plato sorprende. Por fin una barra de nivel en Pozuelo. La atención del personal espectacular, asesoran bien y son rápidos. El Kimuchi, Ravioli de Toro y las croquetas espectaculares. Eso si, suele estar lleno..."
31,"salinas19","",7,"Si duda lo mejor de pozuelo!!","dic 2017","En familia","2017-12-17","Positivo","Pitu caleya, tapas, vinos","Tapas innovadoras, trato excepcional y cercano, buena variedad de vinos","Local pequeño","No","Sin palabras me ha dejado este pequeño pero coqueto sitio en la av Europa.. Las tapas es lo mejor que nunca había visto y unas sugerencias como el pitu caleya realmente exquisitas.. buena variedad de vinos y un trato excepcional..."
32,"Jasmin","Madrid, España",3,"Impecable!","dic 2017","Parejas","2017-12-16","Positivo","Croquetas, tapas varias","Comida exquisita, camareros muy atentos","Se llena muy rápido","No","Simplemente estupendo. Empezamos por unas croquetas y acabamos pidiendo cuatro tapas más para probar. Los camareros muy pendientes siempre de nosotros. Todo estaba exquisito. No puedo ponerle ni un 'pero'. Eso sí, si podéis reservad, o id pronto..."
33,"321IsabelRosa","Madrid, España",4,"HORRIBLE","dic 2017","","2017-12-15","Negativo","Aperitivos","","Camareros insolentes y maleducados, carísimo, calidad dudosa, raciones escasas, mesas altas enanas y apretadas","Sí","Mesas altas y pequeñas, apretadísimas,no hay espacio, es un local enano, pero lo peor son los camareros, insolentes, maleducados, sin ninguna preparación, trato al cliente totalmente inadecuado, carísimo, de calidad dudosa, raciones muy escasas..."
34,"Antonio T","Málaga, España",56,"No te lo puedes perder !!!","dic 2017","Parejas","2017-12-12","Positivo","Sashimi de atún, migas con huevo y cigalitas, postre cromoterapia, vinos","Comida excelente, trato exquisito, buena carta de vinos, calidad-precio","Local pequeño","No","Un sitio pequeñito pero acogedor donde todo lo que pruebes roza la excelencia, una buena o buenísima carta de vinos y un trato muy exquisito, el precio es en relación calidad precio muy bueno, el sashami de atún de 10, las migas con huevo y cigalitas de 11 y para la cromoterapia me quedo sin número..."
35,"David B","Madrid, España",2,"Incómodo, maleducados y sucio.... penoso.","nov 2017","Amigos","2017-12-12","Negativo","","","Mesas altas y pequeñas, oscuro, falta de higiene en camarero, caro y calidad dudosa","No","Mesas altas y pequeñas, oscuro quizá para no ver las manos sucias del camarero que se metió 7 veces el dedo en la nariz (hicimos apuestas) caro y calidad dudosa. Tú mismo"
36,"raim82","Madrid, España",6,"Caro, agobiante y vulgar","dic 2017","","2017-12-10","Negativo","","","Caro, agobiante, sin espacio entre mesas, servicio mediocre, comida mediocre ('quiero y no puedo')","No","Sin sitio entre mesas con un servicio mediocre. Un quiero y no puedo en la comida. Teníamos muchas ganas de ir, y ahora sabemos q no volveremos"
37,"Montsemaes","Barcelona, España",130,"Comida muy buena","dic 2017","Amigos","2017-12-09","Positivo","Ravioli de rabo, kimuchi de mariscos, bombones de ternera, cromoterapia","Platillos elaborados y con calidad, postre diferente, cuidada decoración","","No","Nos recomendaron el sitio... salimos encantados. Nos dejamos aconsejar y picoteamos un poco, las tapas/platillos son elaborados, con productos de calidad... De postre elegimos el 'cromoterapia', lo mas distinto y muy bueno."
38,"Susana N","Madrid, España",50,"Un sabor distinto en Pozuelo","dic 2017","Parejas","2017-12-07","Positivo","Tapas","Comida rica y original, trato muy bueno, buena relación calidad-precio","Local muy pequeño, tapas de tamaño algo justo","No","Fui a comer con mi pareja porque nos habían hablado muy bien y la verdad es que nos gusto mucho. Comimos de tapas y aunque no son muy grandes puedes pedir varias y el precio no es excesivo. Buena calidad precio... lo peor es que es un local muy pequeño...."
39,"Iñaki P","Madrid, España",10,"Uno más con el que contar en Pozuelo","nov 2017","Parejas","2017-12-06","Positivo","Bombones de foie, alcachofas, chuleta, postre cromaterapia, vino, cerveza","Punto excelente de los platos, buena música, buena bebida","Ración de alcachofas corta","No","Lo descubrimos de pasada y fuimos a probar. Tomamos bombones de foie, las alcachofas, con un punto excelente..... un par de trozos mas hubiesen estado genial. La chuleta excelente. De postre cromaterapia sorprendente. Buen vino, buena cerveza, buena música."
40,"dgarciaconde","",20,"Comida excelente trato pesimo","nov 2017","Parejas","2017-11-26","Negativo","Solomillo","Platos en general excelentes","Solomillo pasado de punto, les pidieron cambiarse de mesa para juntar a otro grupo, precio elevado (30€/pax) para ese trato","No","Pedimos varios platos, la verdad es que todos excelentes menos el solomillo, que lo pedimos al punto y vino pasado. Después de casi haber terminado nos piden que si por favor nos movemos de mesa.... para dejar que puedan juntar dos mesas para otra gente..."
41,"Alejandro L.B","Madrid, España",21,"Caro pero bueno.","nov 2017","Amigos","2017-11-20","Mixto","Chuletón (500g), tapas variadas, vinos, cerveza","Comida buena y elaborada, buen servicio y bebida","Tapas muy pequeñas para su precio (4€), chuletón con más hueso que carne","No","El sitio está bien, es algo caro y la comida en general es buena. Ya he pasado varias veces, las tapas están elaboradas, pero muy pequeñas para los 4 euros de mediante cuesta cada una... El chuletón no es recomendable porque aunque de sabor está bien, más de la mitad es hueso."
42,"ermenendez","Pozuelo de Alarcón, España",15,"Excelente","nov 2017","En familia","2017-11-17","Positivo","Lentejas, trucha","Servicio excelente, elaboración de 10, rapidez, presentación y precio ajustado","Local pequeño","No","Fuimos a comer, el local es pequeño y acogedor, el servicio excelente y el menú muy bueno. Decidimos probar dos platos aparentemente normales: lentejas y trucha. Un 10 en elaboración, presentación, rápidez y precio ajustado."
43,"mariabusi","París, Francia",1,"NO VUELVO","mar 2018","Amigos","2018-03-03","Negativo","","","Mala relación precio-cantidad (43€ con hambre), mesas altas incómodas, trato grosero al apurarles la cuenta a los 40 min","Sí","Una decepción. La relación precio-calidad-cantidad es mala. Pero lo peor es el trato..... Hemos ido dos personas y nos ha parecido incomodo con esas mesas altas. Nos hemos gastado 43 euros Y NOS HEMOS IDO CON HAMBRE. Nada mas terminar el ultimo plato viene un camarero y nos dice que nos trae la cuenta..."
44,"Amparo M","",1,"Cocina elaborada","feb 2018","Amigos","2018-02-21","Positivo","Ravioli de ternera, berberechos, croquetas, arroz meloso, chipirones a la plancha, financier con helado de naranja","Tapas elaboradas, carta de vinos excepcional, cerveza bien tirada, servicio amable y atento","Local siempre a tope","No","Un buen sitio donde tomar algo los fines de semana. Las tapas elaboradas... La carta de vinos excepcional y la cerveza bien tirada. Recomiendo el ravioli de ternera... Me gustaría destacar el trato de todo el servicio. Muy amables y eso que siempre está a tope."
45,"leticiam809","Aranjuez, España",9,"Tapeo ideal","feb 2018","Parejas","2018-02-21","Positivo","Tapas frías y calientes, menú del día","Calidad y precio adecuado, gran profesionalidad del personal (Sara y Oscar)","","No","Es una restaurante con buena calidad y precio muy adecuado. Tiene una amplia carta de tapas frias y calientes así como menú del dia y platos un poco mas elaborados. Sara, la chica de barra, es muy buena profesional asi como Oscar que es muy agradable..."
46,"Marcelo I","Pozuelo de Alarcón, España",6,"Todo rico","feb 2018","En familia","2018-02-12","Positivo","","Amabilidad, rapidez, calidad constante","Tamaño reducido, a veces no hay mesa","No","Amabilidad , rapidez , calidad ... un sitio para repetir y recomendar . Nunca defraudan . Lástima que por el tamaño , a veces no hay mesa"
47,"Pilar M","",8,"LO MEJORCITO DE POZUELO","feb 2018","Amigos","2018-02-08","Positivo","Croquetas, ravioli, sardina, kimuchi, financier con helado de pistacho, cañas","Comida increíble, sugerencias ricas, servicio de 10 (Óscar y Sara), cocina acristalada a la vista","","No","Por fin un sitio en Pozuelo donde tomarse un buena caña en una barra con ambiente y con unas riquísimas croquetas!Todo está increíble,en especial:el ravioli,la sardina y el kimuchi... El servicio increíble,en especial el de Óscar y Sara..."
48,"felnan2009","Madrid, España",1,"RACION DE CALLOS A 5O€..","feb 2018","Parejas","2018-02-06","Negativo","Callos","","Trato borde y despectivo del encargado, tapa minúscula a más de 10€, falta de calefacción","No","... es la respuesta que me dió el encargado de las mesas cuando le pregunté cuanto costaría la ración si por una tapa (4 callos) me cobra más de 10€; podría haberme explicado la excepcionalidad de sus callos... pero sin embargo opto por semejante bordería... podían poner la calefacción por lo menos"
49,"Jorge","Aravaca, España",4,"Calidad=trato. Excelente.","ene 2018","En familia","2018-01-30","Positivo","Tapas","Cocina muy rápida y de buena calidad, personal atento y cercano","Mesas altas, local reducido","No","Un local de reducido tamaño, perfecto para tapear, exento de estar horas en el restaurante. Genial para ir con amigos y familia, mesas altas, una cocina muy rápida y de buenísima calidad. Personal muy atento y cercano."
50,"vdiazsag","",3,"Variedad y tamaño justo","ene 2018","Parejas","2018-01-28","Positivo","Raciones y tapas","Variedad de sabores, tamaño de ración óptimo para compartir y probar muchas cosas","","No","Merece la pena poder probar múltiples sabores y en su justa cantidad. Las raciones tienen la cantidad justa para poder comer muchas raciones incluso cuando somos dos personas."
51,"jueslopez1966","Madrid, España",9,"penoso","ene 2018","Amigos","2018-01-26","Negativo","","","No cumple expectativas de elaboración, falta de orden al servir mesas y comandas, mal ambiente interno jefe-empleados, precio excesivo","No","Parecia un lugar vanguardista para el tapeo en Pozuelo pero es un 'quiero y no llego'... Una decepcion tambien en el orden carente de toda disciplina a la hora de servir las mesas... Para remate esta el mal rollo con los empleados por parte de el que parece dirigir el negocio... precio demasiado alto."
52,"PF","Madrid, España",30,"Para comida rápida y tapear. Muy buen servicio y buenísima comida","ene 2018","Parejas","2018-01-21","Positivo","Ravioli de ternera, croquetas de jamón, steak tartar en conos de barquillo, huevo ecológico con setas, pulpo a la brasa, foie con manzana, torrija, tarta de queso","Buena comida, carta equilibrada, servicio y cocina excelentes, cocina a la vista sin olores","Mesas altas, algo ruidoso, no reservan mesa, pulpo algo caro","No","Me hablaron de este restaurante para tapear que abrió hace seis meses... Raciones acordes a los precios, para poder probar varias cosas... El servicio de los camareros, el encargado y los cocineros excelente. Se respira buen ambiente y trabajo en equipo. Es cierto que la rotación es muy alta..."
53,"GuillermoGAlm","Comunidad de Madrid, España",7,"Merece la pena para probar nuevos sabores","ene 2018","Amigos","2018-01-20","Positivo","Postres, tapas","Comida original y rica, simpatía y profesionalidad de los camareros atendiendo llenos","Local pequeño, corriente de frío al abrirse la puerta","No","Es verdad que no es un sitio muy grande y que cuando se abria la puerta , se notaba pero dicho esto la comida me parecio muy rica, original y diferente. A mi me merece la pena sobre todo , por la simpatia y profesionalidad de los camareros..."
54,"Amaya A","Madrid, España",7,"Sorprendente!","ene 2018","Parejas","2018-01-20","Positivo","Ravioli de rabo de toro, kimuchi de mariscos","Cocina original diferente a la oferta habitual, servicio de 10","","No","En Pozuelo estamos cansados de los mismos platos fáciles, ... me encanta porque es una cocina diferente. Súper recomendables el ravioli de rabo de toro y el Kimuchi de mariscos. El servicio un 10. Encantadores!"
55,"PiFloBor","Madrid",1,"Genial!!","ene 2018","Amigos","2018-01-19","Positivo","","Comida exquisita, concepto de cocina único en la zona, trato ameno y muy atento","","No","La comida exquisita. El concepto del restaurante y su cocina única por la zona. El trato recibido por el personal muy ameno y muy atentos en todo momento. Sin duda volveremos!!!"
56,"Itziar T","Pozuelo de Alarcón, España",2,"De tapas.","dic 2017","Amigos","2018-01-18","Positivo","Vinos","Comida súper rica, encargado encantador, cocina a la vista agradable","","No","Está todo super rico, el encargado es encantador y es muy agradable ver cómo se prepara en cocina . Me gusta su vino"
57,"pablo l","Madrid, España",14,"Para no volver","ene 2018","Parejas","2018-01-15","Negativo","Croquetas, huevo trufado con setas, vino, cerveza","","Sin aperitivo, croquetas industriales y enanas (3x3€), huevo con setas de bote y aroma artificial (6.50€), ruido, falta de espacio, carísimo","Sí","Hola, he estado un sábado por la noche, éramos una pareja . Os comento mi experiencia. Una copa de vino 3,20 eur, una cerveza 2,50eur...ambas sin aperitivo. Pido croquetas para picar, de artesanas no tienen nada de nada, 3 croquetas mínimas 3 euros. Pido huevo trufado... setas de bote... Pagas 16 euros y te vas a cenar a casa..."
58,"Marcos","Las Rozas, España",855,"Todo un descubrimiento","jul 2018","Amigos","2018-07-28","Positivo","Kimuchi, raviolis, tuétano, bombones de foie","Buen género, buena elaboración y presentación en plato","Carta de vinos un poco escasa","Sí","Nos llevaron unos amigos y no nos defraudo. La carta cuando te sientas ya llama la atención, y cuando pides se refleja en los platos. Buen género, bien elaborado y presentado: Kimuchi, Raviolis, el tuetano increible, bombones de foie... Por ponerle algun pero, la carta de vinos un poco escasa."
59,"Beatriz I","Burgos, España",31,"Diferente","jul 2018","Parejas","2018-07-22","Positivo","Steak tartar, kimuchi","Presentación vistosa, toques e ingredientes originales, atención excelente y simpática de Sheyla con buen ritmo","","Sí","Estuvimos cenando de tapeo y probamos también algún platillo. En general todas las elaboraciones tenían una presentación vistosa y presentaban algún ingrediente distinto... Quizás resaltar steak tartar y kimuchi. El servicio fue estupendo, nos atendió Sheyla..."
60,"Belén L","Madrid, España",55,"Diferente y muy recomendable","jul 2018","Amigos","2018-07-21","Positivo","","Carta variada y diferente, servicio excelente, buen producto y elaboración, buena gestión de espera","No reservan mesa","Sí","Carta diferente y muy variada. Servicio excelente. No reservan mesa, pero si está lleno, que lo suele estar, te indican con bastante precisión, cuándo vas a tener mesa. Muy buen producto y muy buena elaboración."
61,"Luis Miguel S","Madrid, Madrid, Spain",3,"Empezo con muchas expectativas y ahí se quedo.","feb 2018","","2018-07-16","Negativo","Cerveza","","Sin aperitivo con la cerveza, raciones que han ido menguando de tamaño, cerveza cara a 3€","Sí","No te ponen ni un aperitivo con la cerveza, algo incomprensible hoy en día en la hostelería madrileña, las raciones empezaron bien y con el tiempo cada vez más pequeñas y la cerveza a un precio excesivo de 3€, la media en la zona es de 2´50€ el doble."
62,"salinas19","",7,"Sitio top de pozuelo","jul 2018","En familia","2018-07-14","Positivo","Pizza sashimi, hachiparmentier de rabo de toro","Carta nueva y muy original, buena atención, servicio muy rápido","","Sí","Van varias veces que hemos ido y la verdad que no dejan de sorprendernos.. Una nueva carta y muy original como la pizza sashimi o el hachiparmentier de rabo de toro.. Buena atención y sale todo muy rápido, sin duda un sitio de referencia en pozuelo"
63,"Gema L","Madrid, España",44,"No ir","jul 2018","Amigos","2018-07-11","Negativo","Cervezas dobles, aquarius, tónica con limón","","Pésima atención de los camareros (sin modales), nada de aperitivo ni cortesía a 2,70€ la consumición","Sí","Fuimos para despedirnos por el inicio de las vacaciones... la atención pésima lcamareto y camarera sin modales para atender al público y esperando una mísera aceituna ni una triste patata nada de nada a 2,70€ la consumición... Fatal no volveremos"
64,"Enrique E","",50,"Un plus de imaginación en tapas","jun 2018","Amigos","2018-07-11","Positivo","Tapas variadas","Cocina innovadora y variada, posibilidad de armar menú degustación con tapas espectaculares","Local pequeño y apretado, no reservan mesas, carta de vinos normalita","No","Si os gusta la cocina innovadora y variada, este es vuestro restaurante; tenéis que pedir la carta de tapas y dado su tamaño y precio (de tapa) podréis montaros un menú degustación... En la lado menos positivo está el local que es un tanto pequeño... no reservan..."
65,"Daniel D","",1,"Buen aperitivo o buena cena informal","may 2018","Amigos","2018-05-17","Positivo","Tartar de salmón","Ambiente excelente e informal, mesas altas versátiles, buena relación calidad-precio","","No","El ambiente del restaurante es excelente. Los platos a base de tapas se ajustan al clima propuesto por la tónica de informalidad y versatilidad de las mesas altas. La relacion calidad precio en su carta, es por lo que yo volvería... Recomiendo la tapa del tartar de salmón."
66,"AnitaWall","",259,"Donde dije digo, digo Diego","abr 2018","Amigos","2018-05-10","Negativo","Pan, cerveza","Comida aceptable","Cobro de pan no solicitado en cesta, 2 errores de 5 platos en comanda, pesadez del servicio insistiendo cada 10 min para pedir más bebida","No","Igual que en octubre escribí una opinión sobre las buenas sensaciones del local esta vez tengo que escribir todo lo contrario... Lo que no tiene un pase es el servicio. Primero que te sirvan cosas que no has pedido, tales como el pan... errores de comanda... presión para consumir..."
67,"Javiortiz2","Madrid, España",2,"Perfecto para ir con tu pareja","abr 2018","Parejas","2018-04-03","Positivo","Croquetas, raviolis, tataki","Decoración bonita, ambiente agradable, tapas frías y calientes riquísimas","","No","Lugar de tapeo muy agradable, muy chula la decoración. Riquísimas tanto las tapas frías como calientes. En especial recomiendo las croquetas, los raviolis y el tataki. Deseando volver!!"
68,"Rosa R","Madrid, España",23,"Sitio agradable","mar 2018","Amigos","2018-03-22","Positivo","","Comida muy buena, atención fabulosa, sitio agradable","Local muy pequeño y agobiante cuando se llena","No","Me lo recomendó una amiga y en el último mes ya he estado dos veces. La verdad es que es un sitio agradable, la comida está muy buena y la atención fabulosa. Si tengo que decir algo negativo, es que el local es muy pequeño, y si esta lleno es un poco agobiante."
69,"Lucía J","",2,"Fantástico para cenar con amigos","mar 2018","Amigos","2018-03-10","Positivo","Tapas, carta de vinos","Gran variedad de tapas, buena carta de vinos, ambiente excelente, trato genial","Siempre lleno (requiere llegar pronto)","No","Gran variedad de tapas y carta de vinos, muy buen ambiente... pero lo mejor el trato de los camareros, repetiremos sin duda!! (advertencia: id pronto, siempre está lleno!!)"
70,"A F","",7,"Fantastico como siempre","mar 2018","En familia","2018-03-10","Positivo","","Excelente cocina, excelente servicio, atención impecable","","No","Hemos venido de celebración y salimos tan satisfechos como siempre. Excelente cocina, excelente servicio y excelente atención"
71,"roberto o","",1,"Mejor sitio tapeo de Pozuelo","mar 2018","","2018-03-05","Positivo","Kimuchi, ravioli, sardina","Tapas elaboradas y originales, tamaño acorde al precio, cocina visible que transmite confianza, precio competitivo","","No","Hacía falta en pozuelo un sitio con buenas tapas, elaboradas y originales. Con 4 tapas puedes cenar perfectamente y ninguna te deja indiferente... El kimuchi y ravioli obligatorio pedirlo, y la sardina muy recomendable. Las cocina visible me da tranquilidad..."
72,"Carlos O","Madrid, España",1,"Imprescindible en Pozuelo","mar 2018","Amigos","2018-03-05","Positivo","Tapas frías y calientes","Relación calidad-precio muy buena, gran variedad, servicio excepcional","Siempre a tope en fines de semana","No","Hacía falta un sitio así en Pozuelo: la relación calidad-precio de la carta es muy buena, cuenta con una gran variedad de tapas frías y calientes, y el servicio es excepcional. Conviene llegar pronto porque siempre está a tope..."
73,"Gonzalo G","Madrid, España",199,"Buenas tapas y agradable sitio","dic 2018","Amigos","2019-01-01","Positivo","Tapas, cañas","Buen servicio, variedad y calidad de elaboración, sitio agradable","Precio algo caro, todo mesas altas no recomendables para niños","Sí","Fuimos a tomar unas tapas y unas cañas. Agradable sitio con muy buen servicio. Variedad de tapas de muy buena elaboración y calidad. Precio algo caro, pero merece la pena. Todo mesas altas. No recomendable para ir con niños."
74,"carlos n","Hoznayo, España",6,"Qué gran Roca!","dic 2018","Amigos","2018-12-09","Positivo","Raciones","Raciones originales, muy buena materia prima y elaboración, servicio muy atento, buena calidad-precio","","Sí","Raciones originales, muy buena elaboración, muy buena materia prima, servicio muy atento y agradable. Buena relación calidad-precio. Nos veremos mucho por aquí, muchas gracias"
75,"Cristina","",14,"Espectacular","oct 2018","En familia","2018-11-17","Positivo","","Comida espectacular que siempre sorprende, trato de camareros inmejorable","","Sí","De lo mejor que hay en Pozuelo, la comida espectacular, pidas lo que pidas siempre sorprende. El trato de los camareros inmejorable, sin duda un lugar que recomiendo 100%."
76,"Charo V","Comunidad de Madrid, España",49,"Pequeño pero matón","nov 2018","Amigos","2018-11-13","Positivo","Tapas","Personal muy profesional, cocina a la vista, carta sorprendente con nivel de restaurante de mantel","Local discreto y pequeño","Sí","A veces se cumple aquello de que la buena esencia va en envase pequeño: pues aquí una muestra. Un local discreto pero muy cuidado, con personal muy profesional, cocina a la vista y carta sorprendente. Ideal para una comida informal y de picoteo..."
77,"Alvaro C","",2,"De lo mejor de Pozuelo","nov 2018","Amigos","2018-11-08","Positivo","","Comida espectacular, trato muy bueno, precio ajustado a la calidad","Local pequeño","Sí","Local pequeño pero muy cuidado, la comida es espectacular y el trato muy bueno. El precio se ajusta a la calidad que ofrecen. Muy muy recomendable!"
78,"sgfernandez1994","Madrid, España",1,"Todo perfecto","oct 2018","En familia","2018-10-20","Positivo","Tapas","Tapas deliciosas, trato excelente de camareros, puntuación 10","","Sí","Todo de 10. Desde las tapas, todas deliciosas, hasta el trato de los camareros. Recomendable sin ninguna duda"
79,"Mercedes972","Madrid, España",690,"Raciones y tapas ricas y originales","oct 2018","Amigos","2018-10-17","Positivo","Tapas y raciones","Buena materia prima, toques originales, personal atento y profesional, buena relación calidad-precio","Local pequeño de mesas altas","Sí","Local pequeño de mesas altas.Personal atento y profesional. Tapas y raciones muy bien cocinadas, ricas y con buena materia prima. Originalidad en algunos platos. Buena relación calidad precio."
80,"Luz R","",1,"Los mejores sin duda","oct 2018","Parejas","2018-10-13","Positivo","Platos fríos y calientes","Excelente trato, comida riquísima, variedad","","Sí","Excelente trato, comida riquísima, variedad de platos tanto fríos como calientes. Muy recomendable, volveremos seguro!!!"
81,"lbm29","Madrid, España",13,"Muy buen servicio y raciones de calidad","oct 2018","Parejas","2018-10-11","Positivo","Raciones","Servicio muy profesional, platos cuidados y elaborados","","Sí","Lo mejor de la zona. Servicio muy profesional. Platos elaborados y muy cuidados. Ha sido un descubrimiento."
82,"Enrique d","",36,"Increíblemente bueno","oct 2018","","2018-10-04","Positivo","Tartar, navajas, chuletillas, tabla de quesos","Calidad buenísima en todos los platos y postres","","Sí","Pedimos para compartir, tartar, navajas y chuletillas todo buenísimo. De postre una tabla de queso muy Buenos y variados. Seguro que repetimos."
83,"sete c","Madrid, España",37,"Buena calidad, precio y servicio","oct 2018","Parejas","2018-10-03","Positivo","Parrilla","Parrilla bien ejecutada, producto muy fresco, servicio atento y rápido, precio adecuado","","Sí","Restaurante bueno en el manejo de la parrilla, producto muy fresco, un gran servicio, atento, cordial y rápido y un precio muy adecuado. Volvemos y repetimos sin duda."
84,"Ainhoa B","Madrid, España",30,"Mejor opción en Pozuelo","sept 2018","En familia","2018-09-13","Positivo","Postres caseros, platos fuera de carta","Amabilidad, materia prima excelente con toque sofisticado, gran variedad fuera de carta","","Sí","Tanto por la amabilidad, como por la comida con buena materia prima y un toque sofisticado es si no la mejor una de las mejores opciones de Madrid. Muchísimos platos fuera de carta. Postres caseros!!"
85,"Jesus M","Madrid, España",25,"caro y escaso","sept 2018","Parejas","2018-09-09","Negativo","","Servicio bueno","Caro y raciones escasas, decepcionante frente a expectativas","Sí","fui llamado por las buenas opiniones que había leído y la verdad, decepcionante, caro y escaso. no lo recomiendo aunq el servicio es bueno"
86,"Carla dv","Madrid, España",72,"Excelente","sept 2018","En familia","2018-09-02","Positivo","","Servicio atento y rápido, comida exquisita y recetas originales","","Sí","Servicio muy atento y rápido. La comida exquisita e incluso original, tiene algunos platos distintos a lo habitual que son exquisitos. Me encantó y repetiremos segurísimo!"
87,"Martaotero","Madrid, España",54,"Lo más especial q hay hoy en pozuelo","ago 2018","Solo","2018-08-02","Positivo","Salmorejo, chuletitas de cordero a la brasa, carta de vinos","Menú del día con variedad y mimo, precio asequible, buena bodega","No tienen café","Sí","Pare a comer menú del día y flipe con la variedad (no solo del menú sino tb de la carta) y flipé con el mimo, la calidad y lo especial de todos sus platos. Salmorejo buenísimo y chuletitas de cordero a la brasa especiales: Menú de 10!... No pongo la quinta estrella por no tener café"
88,"Mayte G","Madrid, España",5,"Ya no hay menú del día 😔","abr 2019","Amigos","2019-05-07","Negativo","Plato del día","","Eliminación del menú del día completo, sustituido por plato del día con solo 2 opciones","Sí","Nos encantaba ir a comer allí antes de la reforma, porque había menú del día con varios primeros y varios segundos y todo súper rico. Después de la reforma han eliminado el menú del día... solo tienen el plato del día (con solo dos opciones) que dista mucho de ser un menú."
89,"Comorl","",8,"PORQUE NO PONEN APERITIVO ??","may 2019","Parejas","2019-05-01","Negativo","Patatas bravas, croquetas, cerveza","","Sin aperitivo con la cerveza, raciones ridículas (7 patatas, 3 croquetas canica por 8€), caro (15.20€ por 2 cervezas y 2 tapas escasas)","Sí","El UNICO en Pozuelo donde pidiendo 2 cervezas no ponen aperitivo, insólito, el precio del tapeo elevado y cantidad muy escasa... 7 patatas bravas y 3 croquetas del tamaño de una canica... 8.- euros mas las cervezas 15,20.- eu."
90,"Mikiwar","Las Rozas, España",1,"Impresionante","abr 2019","Parejas","2019-04-16","Positivo","","Cocina de primer nivel, atención y servicio impresionante, local acogedor","","Sí","Por fin cocina de primer nivel en Pozuelo. Excelente servicio y atención impresionante. Lugar súper acogedor. 100% recomendable."
91,"Gasiopea2015","",26,"NO MERECE LA PENA.","mar 2019","Parejas","2019-04-08","Negativo","Patatas bravas, callos","","Falta de producto de la carta un martes, bravas sin picante y patata cruda/dura, callos sin morcilla/chorizo y sin sabor, caro, incómodo","Sí","Fuimos un Martes a medio día había poca gente. Pedimos cuatro cosas de la carta y justamente no las tenían al final pedimos unas patatas bravas que no tenian nada de picante y la patata dura, unos callos sin morcilla sin chorizo y una ración minúscula sin sabor..."
92,"alvaros263","Madrid, Spain",3,"Excelente restaurante, comida gourmet","abr 2019","En familia","2019-04-03","Positivo","Alcachofas, tortilla de Betanzos","Comida gourmet espectacular, servicio rápido y amable, gran labor de Oscar","Local de tamaño reducido","Sí","Hemos ido un par de veces a cenar y otras tantas a la barra. Está todo espectacular, las alcachofas de las mejores que he tomado nunca y la tortilla de Betanzos buenísima. El servicio es muy rápido y amable. Mención especial se merece Oscar..."
93,"M Eugenia Blanco","Madrid, España",8,"Cenamos estupendamente","mar 2019","Amigos","2019-03-30","Positivo","Ensaladilla, tortilla de Betanzos, chupitos","Comida de primera y muy bien elaborada, atención estupenda, invitación a chupito","Local pequeño que se llena rápido","Sí","Fuimos 7 personas para una cena informal sin haber reservado. Nos atendieron estupendamente y todo estaba riquísimo. Probamos la ensaladilla, la tortilla de Betanzos y bastantes cosas más y todo de primera y muy bien elaborado... Ah y, además, nos invitaron a un chupito"
94,"lpalaciosdelacruz","",1,"Inaceptable","mar 2019","Parejas","2019-03-30","Negativo","Vino, patatas de bolsa, pan","Buena materia prima/calidad base","Raciones muy escasas y caras, vino poco servido, aperitivo de patatas quemadas, presión para consumir, cobro del pan no pedido","Sí","Raciones muy escasas y caras. Sirven el vino muy escaso. Tapa de acompañamiento patatas de bolsa, escasas y quemadas. Agobiante presión de camareros para que consumas. Colocan pan sin pedirlo y lo cobran. Buena calidad."
95,"Alex M","",1,"Excelente","mar 2019","En familia","2019-03-20","Positivo","","Comida excelente, sitio muy agradable, amabilidad destacada de Oscar","","Sí","Comida y sitio excelente, muy buena atención y destacar la amabilidad de Oscar! Recomiendo ir a probarlo 100%"
96,"Ebi78","Palma de Mallorca, España",16,"Que poca vergüenza!","mar 2019","En familia","2019-03-19","Negativo","Pacharán (chupitos)","","Cobro abusivo de chupitos de pacharán a 4€ la unidad tras cenar","Sí","Pedimos unos chupitos de pacharan despues de la cena y nos cobraron 4€ por cada uno! Que vergüenza! La primera y la ultima vez!"
97,"Elena Tatiana","",4,"Exquisito","mar 2019","Amigos","2019-03-08","Positivo","","Calidad 100, sabor exquisito, Oscar el encargado es un crack","","Sí","Todo un 100... calidad, sabor, trato... Oscar un crack!!! Ha sido una experiencia inolvidable. Volvemos seguro!!!"
98,"beapadi","Shinjuku, Japón",9,"Restaurante la roca increíble lo mejor de pozuelo","mar 2019","Amigos","2019-03-08","Positivo","Kimuchi, ravioli, carabinero, pancake con dulce de leche, postre chocolate y galleta, vino","Comida increíble, recomendaciones y atención de Oscar de 10, servicio muy pendiente","","Sí","Uno de los mejores restaurantes que he estado en madrid. Kimuchi, ravioli, carabinero, los postres de locos el pancake con helado de dulce de leche... pero lo mejor la atención , oscar un gran anfitrión..."
99,"Lucrecia B","Madrid, España",1,"Fabulosa velada con Julio Javier","mar 2019","Amigos","2019-03-03","Positivo","Torreznos con puré de patatas revolconas","Platos originales, variedad, calidad exquisita","","Sí","Absolutamente recomendable. Variedad y calidad. Todo exquisito y muy original. Los torreznos con puré de patatas revolconas imprescindible pedirlos"
100,"Eladio L","",3,"Decepcionante","feb 2019","Parejas","2019-02-18","Negativo","","","Anulación unilateral de reserva por retraso de 15 minutos, sitio con apreturas y solo mesas altas","Sí","Nos anularon la reserva de forma unilateral por llegar 15 minutos tarde. No insistimos ya que era un sitio muy pequeño y con apreturas, que sólo dispone de mesas altas."
101,"AngelBreuer","Madrid, España",128,"Sin duda, merece la pena","ene 2019","Negocios","2019-02-13","Positivo","Tapas de temporada","Cocina de temporada rica y elaborada, relación calidad-precio excepcional, servicio inmejorable","","Sí","La roca es uno de los grandes desconocidos de Pozuelo de Alarcón... una de las referencias indispensables a la hora de elegir un buen sitio para comer muy bien, con una relación calidad precio excepcional y un servicio inmejorable."
102,"Cristina","",14,"Siempre espectacular","ene 2019","En familia","2019-01-11","Positivo","","Comida buenísima, trato excepcional y regularidad constante","","Sí","Da gusto ir a La Roca, es de lo mejor de Pozuelo, comida y trato excepcional, nunca falla, comas lo que comas todo buenísimo. Ya comenté hace unos meses y cada día que vuelvo es mejor todavía!"
103,"MsHepburn","Madrid, España",145,"Buena comida pero pésimo servicio","oct 2019","","2019-10-11","Negativo","","Comida de gran calidad, camareros de trato amable","Pérdida de comanda, más de 30 min para tomar nota y 40 min para el segundo plato, servicio desatento y sin detalles ante fallos","Sí","Es de esas ocasiones en las que la comida es realmente muy buena pero lo demás falla tanto que ya no te quedan ganas de volver... tardaron más de media hora en tomarnos nota... habían perdido nuestra comanda... No tuvieron ninguna atención."
104,"Raúl C","Madrid, España",302,"Comida rica, espacio y servicio mejorable","sept 2019","","2019-10-11","Mixto","Tartar, tortilla, arroz, raviolis, carne","Comida de mercado rica, bien tratada, precio ajustado para la zona","Servicio desorganizado, la carne era mejorable, local demasiado pequeño e incómodo para familias con carritos de bebé","Sí","Local con comida de mercado, rica, bien tratada y en una cantidad aceptable. Precio ajustado, para ser pozuelo. Tartar, tortilla, arroz y raviolis espectaculares. Carne mejorable. El servicio estaba muy perdido... local muy pequeño para carritos."
105,"Gonzalo F","Madrid, España",27,"Excelente restaurante con servicio perfecto","oct 2019","Parejas","2019-10-09","Positivo","Plato del día, raciones para compartir","Ingredientes de alta calidad, platos creativos pero clásicos, platos del día a 10€ muy completos","","Sí","Altísima calidad de los ingredientes, platos imaginativos, pero con un toque clásico, tiene 4 platos del día los días de semana a unos 10€ con postre y bebida, y unas raciones brutales para compartir, lo recomiendo 100%."
106,"Odyssey783631","",1,"Caro y escaso","sept 2019","Amigos","2019-09-21","Negativo","Tapas","Camareros agradables","Raciones muy escasas y caras, calidad normal, poca variedad, encargado con actitud pesada/chistosa fuera de lugar","Sí","Los camareros muy bien, el encargado se pasa de gracioso. Las raciones escasas y caras. La calidad normal, pocas variaciones en la carta."
107,"Mar","Madrid, España",16,"No cumplió mis expectativas","jul 2019","","2019-09-04","Negativo","","Camareras con buena atención","Comida y trato decepcionantes, maître desatento con los clientes por atender a sus conocidos","Sí","Fui con mucha ilusión, pero ni la comida ni el trato cumplieron mis expectativas. El maître estaba más pendiente de atender a sus amigos que a los clientes. Las camareras salvaron el servicio."
108,"CookieFoodie","Pozuelo de Alarcón, España",1306,"Como siempre, todo perfecto","sept 2019","","2019-09-04","Positivo","Kimuchi, tapas nuevas","Comida deliciosa, carta dinámica con novedades sorprendentes","","Sí","He probado muchos de los platos y tapas y todos me han encantado. Han añadido algunas cosas nuevas y, como siempre, me han sorprendido. Todo está delicioso, aunque para mi el mejor siempre será el kimuchi!"
109,"yulital","",1,"Sorprendida","jul 2019","Amigos","2019-07-20","Positivo","","Concepto de cocina excelente, servicio muy cuidadoso, labor sobresaliente del maître","","Sí","Madre mía, yo estoy sorpredidisima con ciertos comentarios, y bueno he estado en la Roca y me parece de lo mejor que hay en Pozuelo, son cuidadosos en la atención y en concepto de la cocina excelente. Y voy a puntuaiizar que el maitre es uno de los mejores que he visto"
110,"Elena M","Madrid, España",29,"Vaya bajón!!!!","jul 2019","Amigos","2019-07-05","Negativo","Raciones","","Bajada notable de calidad, raciones pobres y mal servicio respecto a etapas anteriores","Sí","No se ha que ha pasado pero mal muy mal! Que pena, ha cambiado mucho! Nada que ver a lo que era hace unos meses. Mal servicio, raciones pobres, calidad regular. Una lástima porque apuntaba bien. La pena"
111,"Carmafu","Madrid, España",852,"Decepción","jul 2019","En familia","2019-07-02","Negativo","Tapas para compartir","Buen sabor y ejecución correcta de las recetas","Tapas con cantidades ridículas (2-3 unidades pequeñas) para mesas de 6 comensales sin previo aviso del personal","Sí","Conocí Lola Restaurante, en Berantevilla, y salí encantada. Esperaba que Alberto Molinero al llegar a Madrid, trajera platos de ese nivel. Buen sabor, buena ejecución pero lamentablemente, raciones míseras en las tapas. Pedimos varias tapas para compartir y no avisaron..."
112,"jacoelto","Madrid, España",254,"Buen tapeo de cocina moderna","jun 2019","","2019-06-23","Positivo","Taco japomejicano de tartar de atún, kimuchi en hoja de shiso, cigala salteada con yema y migas, bombón de rabo con foie, queso Gamoneu, vino","Cocina moderna excelente, recomendaciones acertadas del encargado Óscar, precio razonable (57€/pareja)","Local muy pequeño y caluroso, terraza descuidada por la zona urbana","Sí","Estuvimos este fin de semana en este pequeño restaurante... pedimos por recomendación de Oscar varias tapas... taco japomejicano, kimuchi de marisco en tempura... Para mi lo peor es el local, muy pequeño y caluroso y una terraza exterior muy pobre..."
113,"andyguzz","",3,"Sitio espectacular","jun 2019","Parejas","2019-06-18","Positivo","Raciones y platos de mercado","Cocina de mercado de altísima calidad en recetas sencillas y complejas, inmejorable calidad-precio","","Sí","Lo encontramos paseando por la zona... supero con creces. Es perfecto para tomar raciones o cenar. Sobre todo lo que podemos decir es que todo lo que tienen es de calidad... Calidad - precio inmejorable."
114,"Gastroguru","Madrid, España",23,"Menos de lo esperado","jun 2019","Amigos","2019-06-17","Mixto","Bombones de foie, chipirones plancha, alcachofas, postres","Bombones de foie y chipirones exquisitos","Nivel culinario desigual (alcachofas y postres flojos), servicio desbordado con pocos camareros en fin de semana","Sí","Comida desigual . Algunos platos exquisitos como los bombones de foie y los chipirones plancha . Otros no tanto , como las alcachofas y los postres . El servicio un poco descontrolado . Pocos camareros para tanta gente un viernes noche"
115,"Ma A","",12,"Buenísimo","may 2019","En familia","2019-06-03","Positivo","","Comida muy rica, atención excelente, de lo mejor de la avenida Europa","","Sí","Todo muy rico y la atención es excelente! Es de los mejores restaurantes de la avenida de europa. Volveremos!"
116,"CookieFoodie","Pozuelo de Alarcón, España",1306,"Espectacular","may 2019","","2019-05-30","Positivo","","Cocina de mercado creativa y sabrosa, ambiente acogedor, servicio estupendo","","Sí","Hacía tiempo que no iba y la verdad es que, una vez más, quede encantada. La comida es original y está buenísima, y el servicio es estupendo. Ambiente acogedor y cocina de mercado con un punto creativo. Para mi, de lo mejor de pozuelo!"
117,"Miguel J","Miami, Florida",10,"El mejor sitio de Pozuelo","may 2019","","2019-05-10","Positivo","","Comida excelente, precio adecuado, trato y atención perfecta por parte de Oscar","","Sí","El mejor sitio de Pozuelo y probablemente de Madrid. Comida excelente, buen precio y mejor trato!! Oscar hace que la experiencia sea perfecto!!! Muy muy recomendable."
118,"Nacho Q","Madrid, España",49,"Impresionante. De lo mejor","dic 2020","Parejas","2020-12-18","Positivo","Marisco, tapas elaboradas","Platos elaborados, marisco fresco de calidad","","Sí","Impresionante. De lo mejor en Pozuelo. Buen marisco y platos elaborados y deliciosos. Muy recomendable"
119,"Javier P","Madrid, España",67,"Estamos en Madrid","nov 2020","Parejas","2020-11-23","Negativo","Vino Montecillo","","Sin aperitivo alguno de cortesía con la bebida, copa de vino muy escasa y cara (3.10€ por vino básico de 7€/botella)","Sí","Efectivamente y a mucha honra, vivimos en Madrid. Y estamos acostumbrados a que al pedir una consumición de aperitivo, te acompañen con, al menos, una aceituna... En este establecimiento no ponen absolutamente nada... el vino escaso cuesta 3,10€"
120,"Leonor A","Madrid, España",6,"Impresionante!","nov 2020","Parejas","2020-11-02","Positivo","Bocadillo de panceta, hamburguesa de angus, platos fuera de carta","Bocadillo y hamburguesa de máximo nivel, amplia y rica oferta fuera de carta","","Sí","Impresionante! Para mi es el mejor de Pozuelo. El bocadillo de panceta es lo más rico que he probado en mi vida, los pedimos siempre de dos en dos....La hamburguesa de angus también es nuestra número 1. Todo está exquisito..."
121,"Nat","Madrid, España",35,"Platos ricos pero escasos y de precio elevado","oct 2020","En familia","2020-10-31","Mixto","Mollete de cochinita pibil, empanadillas criollas, burratina con panceta, tortilla de Betanzos, ensaladilla, torrija caramelizada, cremoso de chocolate","Terraza agradable, camareros amables, mollete y empanadillas muy ricos","Raciones escasas difíciles de compartir, burratina mal combinada, tortilla y ensaladilla sin gracia, torrija enana, precio elevado","Sí","Hemos ido a comer 6 personas en la terraza... A destacar el mollete de cochinita pibil y las empanadillas criollas. La burratina no nos gustó... la tortilla y ensaladilla sin gracia... No volveríamos por su precio elevado teniendo en cuenta el tamaño..."
122,"Patricia J","Madrid, España",75,"¡Excelente!","oct 2020","Parejas","2020-10-25","Positivo","Kimucha, falso risotto de puntalets, tarta de queso con helado de galleta","Recetas muy sabrosas y originales, camareros amables y atentos en todo momento","","Sí","¡Excelente! La comida muy original y muy sabrosa. Difícil escoger entre su carta. Mi top 3: la Kimucha, el falso risotto de Puntalets y la Tara de queso con helado de galleta ¡alucinante!) Además, el servicio y los camareros siempre atentos."
123,"IMP","Pozuelo de Alarcón, España",10,"Malísima experiencia en Viva by la Roca","sept 2020","Amigos","2020-09-21","Negativo","Tacos","","Cobro individual multiplicado por comensal al pedir unidades para compartir, discusión de 15 min y despedida agresiva ('no volváis nunca más') del gerente","Sí","Mi experiencia yendo a cenar con un grupo de amigos a Viva by la Roca... les dijimos que queríamos cinco tacos y nos cobraron la tapa 5 veces... el gerente tras 15 minutos nos dio la razón pero se despidió con un 'no volváis nunca más'..."
124,"Luis D","Madrid, España",2,"Decepcionante","feb 2020","","2020-02-25","Negativo","","","Comida muy normal y servicio pésimo con actitud antipática hacia el cliente","Sí","Cuando voy a un Restaurante valoro la comida y el servicio / amabilidad por igual. Pues la comida muy normal pero el servicio pésimo. No volveré Parece que es lo que buscan ... QUE NO VUELVAS."
125,"jose maria P","",1,"Nunca volveré","feb 2020","Amigos","2020-02-22","Negativo","","","Caro, mal servicio en sala y pésima gestión y trato del encargado","Sí","De lo peor que he conocido, caro, mal atendido y el encargado para que se dedique a otra cosa, un auténtico patan"
126,"Soyo","",40,"Raciones escasas con buena materia prima","feb 2020","Amigos","2020-02-12","Mixto","Torreznos con patatas revolconas, solomillo, tortilla, chipirones con huevo","Buena materia prima, servicio atento, tortilla y chipirones muy ricos","Raciones insuficientes para el precio (6 trozos de torrezno por 9€, solomillo diminuto por 22€)","Sí","Aunque la materia prima es buena y el servicio es atento, el tamaño de las raciones es insuficiente para su precio. Tomamos torreznos (9€), que eran 6 trozos... y solomillo (22€) de un tamaño muy pequeño..."
127,"Jose_llg","Madrid, España",59,"Muy, muy bueno!!","feb 2020","Parejas","2020-02-07","Positivo","Platos del día, entrantes de carta","Calidad excelente en fórmula de plato único + postre y bebida, presentación cuidada, limpieza impoluta de mesas y cristalería, servicio profesional","No apto para personas que busquen platos hiperabundantes","Sí","Hace poco conocí el restaurante por un compañero... Me quedé sorprendido con la calidad y buena presentación del plato único... Hay detalles como la transparencia de las copas, la limpieza de tu mesa, los cubiertos, la presentación del plato..."
128,"Mónica González","",4,"Muy muy recomendable!!!!!!","dic 2019","En familia","2019-12-28","Positivo","Hamburguesa de buey","Comida de gran calidad, camareros atentos y serviciales","","Sí","Comida de muchísima calidad y camareros súper atentos! da gusto con restaurantes así! Pedir la hamburguesa de buey seguro!!!"
129,"ruben m","Madrid, España",9,"Grata sorpresa","nov 2019","En familia","2019-11-02","Positivo","","Gran calidad de producto, buen trato y precio razonable","Pequeños fallos menores sin importancia","Sí","Gran calidad de producto y buen trato. Algún fallo no demasiado importante y un precio más que razonable"
130,"Esther","",6,"Si te gusta la carne y los platos originales","oct 2019","","2019-10-26","Positivo","Carnes variadas","Carne deliciosa, platos originales, personal encantador y buen precio","Necesario reservar con antelación","Sí","Todo muy rico especialmente la carne y a muy buen precio , es muy acogedor y son encantadores , es importante reservar"
131,"javneko","Madrid, España",3,"No falla","oct 2019","Amigos","2019-10-18","Positivo","Platos fuera de carta","Comida muy rica, propuestas fuera de carta de nivel, atención excelente del encargado Óscar","","Sí","La comida muy rica y bien preparada...no hay que perderse los fuera de carta... El servicio muy bien y Óscar siempre atento a todo.. para volver sin dudarlo"
132,"Gonzso","Madrid",35,"Quiero y no puedo","oct 2019","","2019-10-12","Negativo","Patatas bravas, entraña, croquetas, berberechos, torrija, vino, cerveza","Croquetas y berberechos correctos, reposición de la entraña bien hecha","Bravas malas cocidas y con alioli/tomate no picante, entraña servida quemada al inicio, torrija seca tipo bizcocho, vino mediocre, caro (65€ pareja)","Sí","Local moderno con pretensiones. El servicio bastante malo, y la comida desigual. Las patatas bravas eran malas: cocidas y pasadas un minuto por la freidora... Pedimos una entraña (18€) carbonizada... Al ver la cuenta vimos que era una franquicia..."
133,"Raquel","",4,"DECEPCIONANTE.","mar 2022","Amigos","2022-03-26","Negativo","","Platos estéticamente bonitos","Pérdida de reserva previa, espera de 45 min, servicio desordenado y camareros sobrepasados, raciones escasas a precio alto","No","Estuvimos un grupo de amigas cenando y desde el principio fue desastroso. No tenían anotada la reserva que habíamos hecho... El tiempo de espera fue como de 45 minutos, salieron primero los segundos y luego los entrantes... Poca cantidad..."
134,"DELHERJO","Boadilla del Monte, España",710,"Decepcionante en trato y coste","mar 2022","","2022-03-20","Negativo","Mollete de cochinita pibil, bao de panceta, ravioli de rabo, ensalada de vieiras con calamar, ensaladilla con trucha, fideuá con panceta, bocadillo de panceta, vino","Tapas individuales (mollete, bao, ravioli) bien ejecutadas","Ensalada de vieiras insulsa (15.90€), fideuá cara y escasa (33€) servida tarde por falta de botillo, bocadillo olvidado tras 30 min, error en cuenta y respuesta descarada del encargado","No","Aunque la comida sea buena, si el precio/calidad resulta excesivo y se acompaña de una fata de atención notable... ensalada de vieiras insulsa... fideua con retraso y escasa... bocadillo que tuvimos que anular tras media hora... mala respuesta al reclamar error en cuenta."
135,"Jaime S","Madrid, España",11,"Caro y regular","dic 2021","Amigos","2021-12-26","Negativo","Cazuela con huevo, bacon y patatas, cañas, callos","","Precios desorbitados (16.80€ cazuela básica, 4.50€ la cerveza), callos incomibles por exceso de sal, 60€/cabeza por cuatro tapas","Sí","Nada destacable y los precios desorbitados,16,80 euros por una cazuela con un huevo, unas patatas y una loncha de bacon, las cañas a 4,5 la copa Los callos salados como un perro, no había quien los comiera. Salimos a 60 y pico euros por cabeza..."
136,"Janasan84","Madrid, España",108,"Gran opción en Pozuelo","nov 2021","","2021-11-16","Positivo","Platos fuera de carta, raciones","Platos elaborados con toques modernos, sugerencias fuera de carta ricas, servicio muy correcto, buena relación calidad-precio","","Sí","Servicio muy correcto, acertadas sugerencias fuera de carta y platos elaborados, con toques modernos, pero muy ricos, Buena relación calidad/precio. Sin duda, hay que volver para seguir descubriendo más raciones."
137,"MGM2011","Madrid, España",55,"Siempre repetimos!","oct 2021","En familia","2021-11-12","Positivo","Tapas y raciones","Platos deliciosos para compartir en pareja o familia, servicio amable y encantador","Camareros algo sobrepasados los fines de semana","Sí","He ido varias veces, tanto en familia como en pareja. Todo lo que hemos tomado siempre nos ha encantado a la mesa completa, tanto raciones como tapas... El servicio es encantador aunque los fines de semana algo sobrepasados..."
138,"E.G.M.","España",553,"Malo por no decir pésimo","oct 2021","","2021-10-22","Negativo","","","Carta muy corta, platos complicados y extraños sin sentido, precios muy elevados","Sí","Hola. Mi experiencia en este lugar ha resultado muy negativa. Carta muy corta, chef que hace unos platos complicados y extraños además de precios muy elevados. No creo que dure mucho tiempo abierto."
139,"juanitabananaMadrid","madrid",21,"Para evitar, nunca más.","sept 2021","Amigos","2021-09-28","Negativo","","Comida vistosa/resultona","Ambiente con estruendo insoportable, servicio maleducado e ineficiente, precio caro","Sí","La comida es resultona, aunque cara, pero lo peor es el ambiente. Es imposible mantener una conversación por el estruendo que hay. El servicio es maleducado e ineficiente. Para evitar."
140,"Belen G","Madrid, España",251,"Repitiría, pero es bastante caro.","sept 2021","Parejas","2021-09-28","Mixto","Japotaco, croquetas, bocata de panceta en pan de cristal, ravioli de rabo de toro, torrija brioche con helado de violeta","Croquetas magníficas con gran bechamel, ravioli sobresaliente, buen pan de cristal, servicio atento","Japotaco insípido sin salsas, torrija normal, precio muy elevado para el tamaño de las tapas (35€/pax sin vino)","Sí","El japotaco bastante insípido, le faltaba alguna salsa. Las croquetas magníficas, la bechamel súper conseguida. El bocata de panceta con pan de cristal bueno y el ravioli de rabo de toro lo mejor del sitio! La torrija brioche sin más... Caro (35€ sin vino)"
141,"EvaHK","Madrid, España",1638,"Espectacular","abr 2021","","2021-04-11","Positivo","Coquinas, kimuchi, tortilla, croquetas, torrija con helado de violeta","Comida excepcional, postre sobresaliente, local agradable, precio correcto y servicio de diez","","Sí","El servicio de excelente, el sitio chulo y la comida excepcional: las coquinas espectaculares, el kimuchi grandioso, la tortilla y las croquetas una maravilla y el reto súper rico también. Y l torrija con helado de violeta es una pasada."
142,"carlossiclaro","Madrid, España",58,"estupendas tapas","mar 2021","","2021-03-15","Positivo","Mejillones a la brasa, vino argentino","Mejillones excelentes, buena selección de vinos extranjeros, servicio atento","Precio algo elevado (38€ por persona)","Sí","agradable experiencia, un poco caro 38 euros por persona incluyendo vino argentino exquisito. atento y amable. lo mejor los mejillones a la brasa."
143,"Hugo McRae","Madrid, España",1116,"Tapas ricas y diferentes","feb 2021","Parejas","2021-03-01","Positivo","Tapas y raciones","Recetas originales y muy bien presentadas, sabores ricos, servicio muy amable","","Sí","Comimos a base de tapas y raciones y nos gustó mucho la experiencia. Servicio atento, muy amable y comida original, sabrosa y muy bien presentada"
144,"Gastromannia","",4,"Tomadura de pelo.","feb 2021","","2021-02-24","Negativo","Vino","","Cero aperitivo de cortesía alegando concepto norteño, vino caro (3.80€ copa), sensación de cutrez","Sí","Que en un bar/restaurante te cobren por un vino 3'80€ y no te pongan un mísero aperitivo aunque sea de aceitunas o patatas fritas porque alegan que su concepto es otro como en el Norte, no se si da la risa o te invade un inmenso cabreo... Evidentemente no volveré..."
145,"AGR","",5,"Sinvergüenzas","feb 2021","Parejas","2021-02-20","Negativo","Desayuno (café, tostadas con aceite, zumo de naranja)","","Precios abusivos en desayuno (10€/persona por tostada y café), falta de transparencia con la carta de precios, mala educación y soberbia del personal","Sí","Fuimos a probar sus nuevos desayunos, preguntamos por la carta y nos dijo que no había pero que tenían lo típico para desayunar. Pedimos un café cada uno con tostadas con aceite y zumo de naranja y salimos a casi 10€ POR PERSONA. Una vergüenza y un robo..."
146,"Manuela C","",1,"Un robo","feb 2021","Solo","2021-02-09","Negativo","Desayuno (tostada con tomate y café)","","Cobro abusivo de 6€ por un desayuno básico de café y media tostada","Sí","En este restaurante ahora dan desayunos y lo más increíble es el precio!! 6e por una tostada con aceite y tomate y un café, me quede tan alucinada que le pregunté que si me había cobrado el andaluz con el jamón... Me parece un robo a mano armada!"
147,"GRF","Madrid, España",12,"Muy buena comida y precio","dic 2020","","2020-12-18","Positivo","","Comida muy buena, trato inmejorable, precio razonable","","Sí","Muy buena comida y precio razonable, trato inmejorable . Para repetir seguro en breve . Un descubrimiento."
148,"Wences M","",28,"Mala elección","mar 2026","En familia","2026-03-20","Negativo","Ensaladilla, arroz, chipirones a la plancha, pan","","Cantidades ridículas en el menú de grupo, chipirones mínimos, arroz escaso, pan escaso y de mal sabor (3 trozos para 7 pax), salida con hambre","No","Fuimos 7 personas comimos el menú que es muy escaso de cantidad casi todos salimos con hambre poca ensaladilla poco arroz y los chipirones a la plancha ni se veían tres trozos de pan para 7 personas que tenían un sabor desagradable la experiencia mal y no volvería"
149,"DJLacaci","Pozuelo de Alarcón, España",1,"Experiencia fallida","ene 2026","Amigos","2026-01-21","Negativo","","Buena cocina, disculpa educada de un segundo camarero en la puerta","Comedor saturado, camarero golpeando repetidamente la silla y contestando con soberbia e insolencia ('no puedo pasar volando')","No","Mesa rectangular de 7 comensales... Un camarero pasa constantemente por el estrecho espacio entre mi silla y la de la señora de atrás. Cada vez que pasa me empuja. Cuando se lo comento contesta irritado que no puede pasar volando... arruinan el buen trabajo de cocina."
150,"Mario Pareja","",193,"Comida diferente","nov 2025","Parejas","2025-11-12","Positivo","","Cocina elaborada con toque muy personal, admite mascotas (perros) en terraza avisando","Platos no abundantes","No","Un restaurante que te va a sorprender por su comida. No es el típico restaurante con platos abundantes y comida sin más. Le dan un toque muy personal que es un acierto... Consejo: Se puede ir con tu perrito siempre que avises y te sientes en su terraza."
151,"gonzalo r","Pozuelo de Alarcón, España",49,"Una experiencia increíble en La Roca!","oct 2025","Amigos","2025-10-21","Positivo","","Platos llenos de sabor y con cuidada presentación, ambiente acogedor y animado, trato extraordinario y profesional de Ney","","No","Fuimos a cenar con amigos un sábado y todo fue perfecto de principio a fin. El ambiente es acogedor, con una energía ideal... La comida, simplemente espectacular... Pero lo que realmente marcó la diferencia fue la atención de Ney. Siempre amable, atento y con una sonrisa..."
152,"Marta","",41,"Todo correcto, pero la cocina muy lenta y fallos al tomar la comanda","sept 2025","En familia","2025-09-12","Mixto","Postres","Sabor de los platos muy rico, servicio de 10 por parte del camarero de pelo cano","Comanda tomada de memoria con olvido de un plato principal, cocina extremadamente lenta (1.5 horas), trato desigual en invitaciones de chupitos","No","Mesa de 4, y lo que hemos comido nos ha gustado todo. Falló que la persona que toma la nota no lo apunta, y al llevarlo de memoria se olvidó de uno de los platos principales... Fue lentísima la cocina... Al terminar no te ofrecen un chupito como al resto."
153,"nlm1433","Comunidad de Madrid, España",2,"Un gran descubrimiento","ene 2025","Parejas","2025-01-13","Positivo","Ravioli de rabo de toro, pinchos y tapas","Comida muy rica y variada, trato sobresaliente de Ney, local agradable","","No","Restaurante muy agradable y la comida muy rica y con muchas opciones de probar pinchos o tapas diferentes, pero sobre todo me quedo con el trato tan espectacular que recibimos en todo momento, sobre todo de Ney. Absolutamente recomendable."
154,"Gabriela G","",1,"Tapas muy buenas a precio razonable","jul 2024","Parejas","2024-08-01","Positivo","Tapas","Tapas muy ricas, precio razonable, buen servicio, ideal para cenas tardías","","No","Muy buenas tapas y precio razonable calidad servicio. Es un sitio agradable para ir a cenar tarde. Una opción adecuada en Pozuelo"
155,"Ra G","Villanueva de la Cañada, España",1,"Cutres","mar 2024","Amigos","2024-03-09","Negativo","Pan congelado, chupitos de crema de orujo, agua","","Cortes de luz continuos (7 veces), esperas de 1 hora por plato, pan congelado, cobro indebido de agua y chupitos ofrecidos tras los incidentes","No","Nada mas llegar, se fue la luz una media de 7 veces... Una hora cada plato en salir, pan congelado... 'Chupitos para todos??' Pides la cuenta, han cobrado una botella de agua de más....y también los chupitos de crema de orujo... ninguna deferencia, muy cutres."
156,"Francisco GP","Madrid, España",903,"Cocina de ALTO mercado","ene 2024","Parejas","2024-01-19","Positivo","Platos de carta de mercado","Comida excelente en toda la carta, servicio atento sin agobiar, buena adaptación de espacio para carrito de bebé, excelente relación calidad-precio","","No","El restaurante ha sido un descubrimiento. Para empezar, íbamos un grupo de 8 personas con un carrito de bebe y nos colocaron una mesa muy cómoda con un huequito para dejar el carrito. La atención perfecta... La comida excelente... Muy buena relación calidad precio"
157,"José Luis G","",3,"Decepcionante","may 2023","","2023-05-29","Negativo","","","Mala relación calidad-precio, excesivos tiempos de espera entre platos, servicio muy irregular","No","Relación calidad-precio inadecuada. Servicio muy irregular con excesiva espera entre los platos. Nos fuimos un tanto decepcionados. Dudo que vuelva."
158,"Ignacio SR","Pozuelo de Alarcón, España",79,"Mucho ruido y pocas nueces","feb 2023","Parejas","2023-02-24","Negativo","","","Caro para la calidad ofrecida, servicio tosco tipo cuartel o comedor escolar","No","No me ha gustado. Caro para la calidad ofrecida. Servicio mejorable, me recordaba a un comedor colegial o de cuartel. No voy a repetir. Los hay mucho mejores en la zona para elegir"
159,"Juncal S","Madrid, España",84,"Innovador pero caro","feb 2023","En familia","2023-02-08","Mixto","Tapas innovadoras","Tapas creativas y con buen sabor","Tamaño de ración diminuto y precios prohibitivos ('a precio de oro')","No","He ido y unas cuantas veces,siempre le doy una oportunidad más,pero cuanto más voy más caro me parece. Las tapas son innovadoras y están ricas y eso es lo que más me gusta pero son mínimas y a precio de oro."
160,"monica g","Madrid, España",49,"Nunca más","dic 2022","Parejas","2022-12-01","Negativo","Croquetas, tortilla de Betanzos, kimuchi, ravioli, tarta de queso al cacao, café","Café bueno, ravioli comestible con aprobado justo","Croquetas y tortilla con sabor a aceite refrito y harina, kimuchi con exceso de mayonesa y frito, tarta de queso con sabor a cacao soluble barato, precios muy altos","No","Malo y caro. Croquetas: saben a harina y aceite de mala calidad refrito. Tortilla de Betanzos: saben a aceite de mala calidad y refrito. Kimuchi: mayonesa y frito. Ravioli: vale, se puede comer... Tarta de queso al cacao: sabe a cola cao. Café: Estaba bueno. Muy caro para esto."
161,"francisco c","",7,"Sitio de referencia en Pozuelo","nov 2022","Amigos","2022-11-05","Positivo","Platos de autor","Gran calidad, platos originales, ambiente agradable, excelente implicación de los dueños (Alejandro y Óscar)","","No","Platos originales, gran calidad, ambiente genial, trato espectacular. Los dueños Alejandro y Oscar siempre al pie del cañon!! Nunca defraudan"
162,"madreconhijo","Madrid, España",21,"Cerveza a precio de oro!","oct 2022","En familia","2022-10-22","Negativo","Cerveza, patatas fritas","Camarero muy amable","Precio desproporcionado de las cervezas (cerca de 5€ la copa), aperitivo pobre consistente en patatas rancias","No","Una tarde lluviosa, salimos a tomar una cerveza... y hoy casi nos da un pasmo al ver el precio de dos copas de cerveza… casi 5 euros cada una. No volvemos ni lo recomendamos porque la tapa era una bol pequeño de patatas fritas y rancias. El camarero que nos atendió era muy amable"