article_code,article_name,department_name,predicted_units,observed_periods,last_observed_period,periods_since_last_observation,recently_observed,predicted_units_rounded,forecast_rank,forecast_start,forecast_end,selected_model
96,RACIÓN DE PAN,OTROS,382.2564102564103,39,38,0,True,382,1,2026-07-13,2026-07-19,Historical expanding mean
1637,COPA DE VICTORIA,CERVEZAS,131.25641025641025,39,38,0,True,131,2,2026-07-13,2026-07-19,Historical expanding mean
1690,CAFÉ E INFUSIONES,POSTRES,114.87179487179488,39,38,0,True,115,3,2026-07-13,2026-07-19,Historical expanding mean
2138,SAM DE GAMBAS,CLASICOS,77.56410256410257,39,38,0,True,78,4,2026-07-13,2026-07-19,Historical expanding mean
1945,EXTRA CROQUETA DE JAMON,EXTRAS,71.3076923076923,39,38,0,True,71,5,2026-07-13,2026-07-19,Historical expanding mean
2309,AGUA 70CL,REFRESCOS,68.56410256410257,39,38,0,True,69,6,2026-07-13,2026-07-19,Historical expanding mean
2,RAVIOLI DE RABO DE TERNERA,CLASICOS,60.97435897435897,39,38,0,True,61,7,2026-07-13,2026-07-19,Historical expanding mean
1974,ZAMBURIÑAS A LA BRASA,CARTA,54.371428571428574,35,38,0,True,54,8,2026-07-13,2026-07-19,Historical expanding mean
1691,CERVEZA VICTORIA,CERVEZAS,51.69230769230769,39,38,0,True,52,9,2026-07-13,2026-07-19,Historical expanding mean
2381,PAN BAO DE CARRILLERA DE CERDO,TAPAS CALIENTES,50.43589743589744,39,38,0,True,50,10,2026-07-13,2026-07-19,Historical expanding mean
30001,MENU DEL DIA,MENU DEL DIA,49.86486486486486,37,38,0,True,50,11,2026-07-13,2026-07-19,Historical expanding mean
48,AGUA CRISTAL,REFRESCOS,43.56410256410256,39,38,0,True,44,12,2026-07-13,2026-07-19,Historical expanding mean
2280,LEGARIS ROBLE,TINTOS,37.94871794871795,39,38,0,True,38,13,2026-07-13,2026-07-19,Historical expanding mean
49,AGUA CON GAS,REFRESCOS,35.12820512820513,39,38,0,True,35,14,2026-07-13,2026-07-19,Historical expanding mean
37,COCA COLA ZERO,REFRESCOS,34.23076923076923,39,38,0,True,34,15,2026-07-13,2026-07-19,Historical expanding mean
1901,EMPANADILLA CRIOLLA,TAPAS CALIENTES,33.69230769230769,39,38,0,True,34,16,2026-07-13,2026-07-19,Historical expanding mean
2303,BOCATIN DE CALAMARES,TAPAS CALIENTES,29.871794871794872,39,38,0,True,30,17,2026-07-13,2026-07-19,Historical expanding mean
10,KIMUCHI DE MARISCOS,CLASICOS,28.333333333333332,39,38,0,True,28,18,2026-07-13,2026-07-19,Historical expanding mean
1523,TINTO DE VERANO,CERVEZAS,28.128205128205128,39,38,0,True,28,19,2026-07-13,2026-07-19,Historical expanding mean
1801,TARTA ARABE,POSTRES,27.384615384615383,39,38,0,True,27,20,2026-07-13,2026-07-19,Historical expanding mean
2237,YEMA DE HUEVO DE CORRAL,CLASICOS,27.358974358974358,39,38,0,True,27,21,2026-07-13,2026-07-19,Historical expanding mean
1,NUESTRAS CROQUETAS DE JAMON,CLASICOS,27.025641025641026,39,38,0,True,27,22,2026-07-13,2026-07-19,Historical expanding mean
2391,CONDE DEL PAZO,BLANCOS,24.743589743589745,39,38,0,True,25,23,2026-07-13,2026-07-19,Historical expanding mean
1848,VIÑA POMAL CRIANZA,TINTOS,24.743589743589745,39,38,0,True,25,24,2026-07-13,2026-07-19,Historical expanding mean
1504,TORRIJA,POSTRES,24.358974358974358,39,38,0,True,24,25,2026-07-13,2026-07-19,Historical expanding mean
2335,TORTITA DE CAMARONES,SUGERENCIAS,24.05128205128205,39,38,0,True,24,26,2026-07-13,2026-07-19,Historical expanding mean
2378,TIGRE DE BOGAVANTE,TAPAS CALIENTES,23.692307692307693,39,38,0,True,24,27,2026-07-13,2026-07-19,Historical expanding mean
2382,ALBONDIGA  XL DE WAGYU,TAPAS CALIENTES,22.23076923076923,39,38,0,True,22,28,2026-07-13,2026-07-19,Historical expanding mean
1747,TARTAR DE ATUN,CARTA,21.487179487179485,39,38,0,True,21,29,2026-07-13,2026-07-19,Historical expanding mean
1507,OTROS DESCRIPCIÓN,OTROS,21.153846153846153,39,38,0,True,21,30,2026-07-13,2026-07-19,Historical expanding mean
1939,ALCACHOFA  A LA BRASA,CARTA,20.871794871794872,39,38,0,True,21,31,2026-07-13,2026-07-19,Historical expanding mean
2060,PATATAS FRITAS GAJO,GUARNICIONES,20.641025641025642,39,38,0,True,21,32,2026-07-13,2026-07-19,Historical expanding mean
1991,LEGARIS VERDEJO,BLANCOS,18.58974358974359,39,38,0,True,19,33,2026-07-13,2026-07-19,Historical expanding mean
1662,TORTILLA DE BETANZOS,SUGERENCIAS,18.564102564102566,39,38,0,True,19,34,2026-07-13,2026-07-19,Historical expanding mean
2298,PLUMA DE BELLOTA A LA BRASA,CARTA,18.102564102564102,39,38,0,True,18,35,2026-07-13,2026-07-19,Historical expanding mean
2239,BOMBONES DE WAGYU Y FOIE,SUGERENCIAS,17.916666666666668,36,38,0,True,18,36,2026-07-13,2026-07-19,Historical expanding mean
2373,GYOZA DE CERDO,TAPAS CALIENTES,17.897435897435898,39,38,0,True,18,37,2026-07-13,2026-07-19,Historical expanding mean
1632,HAMBURGUESA DE VACA  ANGUS A LA BRASA,CARTA,17.871794871794872,39,38,0,True,18,38,2026-07-13,2026-07-19,Historical expanding mean
1505,TARTA DE QUESO,POSTRES,17.71794871794872,39,38,0,True,18,39,2026-07-13,2026-07-19,Historical expanding mean
2385,CROQUETON DE CECINA,SUGERENCIAS,17.62857142857143,35,38,0,True,18,40,2026-07-13,2026-07-19,Historical expanding mean
3,NUESTRAS PATATAS BRAVAS,CLASICOS,17.512820512820515,39,38,0,True,18,41,2026-07-13,2026-07-19,Historical expanding mean
1883,BLINIS DE SARDINA  AHUMADA,TAPAS FRIAS,16.23076923076923,39,38,0,True,16,42,2026-07-13,2026-07-19,Historical expanding mean
2352,VICTORIA MALAGA,CERVEZAS,15.909090909090908,33,36,2,True,16,43,2026-07-13,2026-07-19,Historical expanding mean
2031,ROSSINI,TAPAS CALIENTES,15.666666666666666,39,38,0,True,16,44,2026-07-13,2026-07-19,Historical expanding mean
35,COCA COLA,REFRESCOS,14.794871794871796,39,38,0,True,15,45,2026-07-13,2026-07-19,Historical expanding mean
1692,"VICTORIA 0,0 RUBIA",CERVEZAS,14.538461538461538,39,38,0,True,15,46,2026-07-13,2026-07-19,Historical expanding mean
2379,BRIOCHE DE ENSALADILLA,TAPAS FRIAS,13.923076923076923,39,38,0,True,14,47,2026-07-13,2026-07-19,Historical expanding mean
1633,CHULETON DE VACA VIEJA,CARTA,13.820512820512821,39,38,0,True,14,48,2026-07-13,2026-07-19,Historical expanding mean
2302,CHULETON MATIZADO,TAPAS FRIAS,13.205128205128204,39,38,0,True,13,49,2026-07-13,2026-07-19,Historical expanding mean
1751,KELLER,CERVEZAS,13.0,5,38,0,True,13,50,2026-07-13,2026-07-19,Historical expanding mean
11,BOMBONES DE FOIE,TAPAS FRIAS,12.666666666666666,39,38,0,True,13,51,2026-07-13,2026-07-19,Historical expanding mean
2292,TOMATE DE LA TEMPORADA CON VENTRESCA,CARTA,12.23076923076923,39,38,0,True,12,52,2026-07-13,2026-07-19,Historical expanding mean
1726,COPA  DE VICTORIA DIEZ,CERVEZAS,12.051282051282051,39,38,0,True,12,53,2026-07-13,2026-07-19,Historical expanding mean
1989,LICOR PREMIUM,LICORES,11.846153846153847,39,38,0,True,12,54,2026-07-13,2026-07-19,Historical expanding mean
30,CHIPIRONES A LA PLANCA,CARTA,11.153846153846153,39,38,0,True,11,55,2026-07-13,2026-07-19,Historical expanding mean
1947,EXTRA  ALCACHOFA,EXTRAS,11.102564102564102,39,38,0,True,11,56,2026-07-13,2026-07-19,Historical expanding mean
2106,"ENSALADILLA ""LA ROCA""",CARTA,10.974358974358974,39,38,0,True,11,57,2026-07-13,2026-07-19,Historical expanding mean
2047,COPA  VICTORIA 0.0 TOSTADA,CERVEZAS,10.974358974358974,39,38,0,True,11,58,2026-07-13,2026-07-19,Historical expanding mean
2290,SALMOREJO CON HELADO,TAPAS FRIAS,10.974358974358974,39,38,0,True,11,59,2026-07-13,2026-07-19,Historical expanding mean
2380,BIKINI DE CECINA,TAPAS FRIAS,10.76923076923077,39,38,0,True,11,60,2026-07-13,2026-07-19,Historical expanding mean
1930,TORREZNOS LA ROCA,SUGERENCIAS,10.76923076923077,39,38,0,True,11,61,2026-07-13,2026-07-19,Historical expanding mean
2325,CAMIÑO DO REI,BLANCOS,10.583333333333334,36,38,0,True,11,62,2026-07-13,2026-07-19,Historical expanding mean
2141,ENSALADA TEMPLADA DE CALAMARES,CARTA,10.384615384615385,39,38,0,True,10,63,2026-07-13,2026-07-19,Historical expanding mean
1631,PULPO A LA BRASA,CARTA,10.205128205128204,39,38,0,True,10,64,2026-07-13,2026-07-19,Historical expanding mean
2043,POLVITO URUGUAYO,POSTRES,10.051282051282051,39,38,0,True,10,65,2026-07-13,2026-07-19,Historical expanding mean
34010,RABAS DE ANCHOA,CARTA,10.0,17,38,0,True,10,66,2026-07-13,2026-07-19,Historical expanding mean
1652,CHIPIRONES FRITOS CON HUEVO,SUGERENCIAS,9.948717948717949,39,38,0,True,10,67,2026-07-13,2026-07-19,Historical expanding mean
2347,CHULETILLAS DE CORDERO LECHAL,CARTA,9.512820512820513,39,38,0,True,10,68,2026-07-13,2026-07-19,Historical expanding mean
1723,COPA DE HELADO,POSTRES,9.461538461538462,39,38,0,True,9,69,2026-07-13,2026-07-19,Historical expanding mean
82,LA ESCUCHA BIERZO,TINTOS,9.36111111111111,36,38,0,True,9,70,2026-07-13,2026-07-19,Historical expanding mean
2218,TUETANO A LA BRASA,CARTA,9.214285714285714,14,38,0,True,9,71,2026-07-13,2026-07-19,Historical expanding mean
39,AQUARIUS,REFRESCOS,8.5,38,38,0,True,8,72,2026-07-13,2026-07-19,Historical expanding mean
34017,"LINGOTE ""LA ROCA""",POSTRES,8.428571428571429,7,38,0,True,8,73,2026-07-13,2026-07-19,Historical expanding mean
2193,MEJILLONES A LA BRASA,CARTA,8.307692307692308,39,38,0,True,8,74,2026-07-13,2026-07-19,Historical expanding mean
2061,PIMIENTO ASADO A LA BRASA,GUARNICIONES,8.307692307692308,39,38,0,True,8,75,2026-07-13,2026-07-19,Historical expanding mean
2297,LOMO DE LUBINA  A LA BRASA,CARTA,8.0,14,38,0,True,8,76,2026-07-13,2026-07-19,Historical expanding mean
2312,CROMOTERAPIA,POSTRES,7.297297297297297,37,38,0,True,7,77,2026-07-13,2026-07-19,Historical expanding mean
38,NESTEA,REFRESCOS,7.205128205128205,39,38,0,True,7,78,2026-07-13,2026-07-19,Historical expanding mean
1935,VERMOUTH,LICORES,6.897435897435898,39,38,0,True,7,79,2026-07-13,2026-07-19,Historical expanding mean
1923,SORBETE,POSTRES,6.821428571428571,28,38,0,True,7,80,2026-07-13,2026-07-19,Historical expanding mean
2143,"FIDEUA ""AL HORNO"" DE BOTILLO",CARTA,6.7894736842105265,38,38,0,True,7,81,2026-07-13,2026-07-19,Historical expanding mean
1941,"CALLOS A LA MADRILEÑA ESTILO ""LA ROCA""",CARTA,6.631578947368421,38,38,0,True,7,82,2026-07-13,2026-07-19,Historical expanding mean
2364,A TRABA GODELLO,BLANCOS,6.5,2,35,3,True,6,83,2026-07-13,2026-07-19,Historical expanding mean
1964,COSTILLA DE VACA  ANGUS,CARTA,6.410256410256411,39,38,0,True,6,84,2026-07-13,2026-07-19,Historical expanding mean
34016,CALAMARES DE ANZUELO,CARTA,6.3076923076923075,13,38,0,True,6,85,2026-07-13,2026-07-19,Historical expanding mean
1971,EXTRA BLINIS,EXTRAS,6.25,36,38,0,True,6,86,2026-07-13,2026-07-19,Historical expanding mean
1944,EXTRA BOMBON DE FOIE,EXTRAS,5.694444444444445,36,38,0,True,6,87,2026-07-13,2026-07-19,Historical expanding mean
2046,"CERVEZA  VICTORIA  0,0 TOSTADA",CERVEZAS,5.583333333333333,36,38,0,True,6,88,2026-07-13,2026-07-19,Historical expanding mean
2177,T-BONE,SUGERENCIAS,5.461538461538462,39,38,0,True,5,89,2026-07-13,2026-07-19,Historical expanding mean
2226,COCA COLA 00,REFRESCOS,5.342105263157895,38,38,0,True,5,90,2026-07-13,2026-07-19,Historical expanding mean
2376,CARRILLERA  DE CERDO  AL VINO TINTO,CARTA,5.25,28,38,0,True,5,91,2026-07-13,2026-07-19,Historical expanding mean
1754,DAURA SIN GLUTEN,CERVEZAS,4.973684210526316,38,38,0,True,5,92,2026-07-13,2026-07-19,Historical expanding mean
1739,CREMOSO DE CHOCOLATE,POSTRES,4.918918918918919,37,38,0,True,5,93,2026-07-13,2026-07-19,Historical expanding mean
2222,MINI HAMBURGUESAS,SUGERENCIAS,4.764705882352941,17,37,1,True,5,94,2026-07-13,2026-07-19,Historical expanding mean
2348,FOCACCIA DE PANCETA CHASU Y PROVOLONE,CARTA,4.538461538461538,39,38,0,True,5,95,2026-07-13,2026-07-19,Historical expanding mean
2294,"ARROZ MELOSO ""NEGRO""",APARTADO,4.538461538461538,26,35,3,True,5,96,2026-07-13,2026-07-19,Historical expanding mean
2231,PROVOLETA  A  LA  BRASA,SUGERENCIAS,4.233333333333333,30,36,2,True,4,97,2026-07-13,2026-07-19,Historical expanding mean
1740,CERVEZA VICTORIA DIEZ,CERVEZAS,4.054054054054054,37,38,0,True,4,98,2026-07-13,2026-07-19,Historical expanding mean
2211,JARRA VICTORIA,CERVEZAS,3.625,8,38,0,True,4,99,2026-07-13,2026-07-19,Historical expanding mean
1934,BAINES,LICORES,3.409090909090909,22,37,1,True,3,100,2026-07-13,2026-07-19,Historical expanding mean
2160,CECINA BLACK ANGUS,CARTA,3.4054054054054053,37,38,0,True,3,101,2026-07-13,2026-07-19,Historical expanding mean
1573,SEAGRAMS,LICORES,3.391304347826087,23,38,0,True,3,102,2026-07-13,2026-07-19,Historical expanding mean
34015,TACO DE COCHINILLO TOSTADO,CARTA,3.357142857142857,14,38,0,True,3,103,2026-07-13,2026-07-19,Historical expanding mean
2245,PATATAS A LA PROVENZAL,GUARNICIONES,3.257142857142857,35,38,0,True,3,104,2026-07-13,2026-07-19,Historical expanding mean
1537,ZUMO DE TOMATE PREPARADO,REFRESCOS,3.108108108108108,37,38,0,True,3,105,2026-07-13,2026-07-19,Historical expanding mean
1706,LICORES VARIOS,LICORES,2.9523809523809526,21,38,0,True,3,106,2026-07-13,2026-07-19,Historical expanding mean
47,REFRESCO NARANJA,REFRESCOS,2.8484848484848486,33,38,0,True,3,107,2026-07-13,2026-07-19,Historical expanding mean
43,MOSTO,REFRESCOS,2.838709677419355,31,37,1,True,3,108,2026-07-13,2026-07-19,Historical expanding mean
1698,BARCELO,LICORES,2.75,12,38,0,True,3,109,2026-07-13,2026-07-19,Historical expanding mean
2332,HABLA DEL SILENCIO,TINTOS,2.71875,32,38,0,True,3,110,2026-07-13,2026-07-19,Historical expanding mean
2164,ANNA CODORNIU,ESPUMOSOS,2.6774193548387095,31,37,1,True,3,111,2026-07-13,2026-07-19,Historical expanding mean
2293,PIMIENTOS DE CARNE,SUGERENCIAS,2.6666666666666665,27,35,3,True,3,112,2026-07-13,2026-07-19,Historical expanding mean
1701,BEEFEATER,LICORES,2.6363636363636362,22,38,0,True,3,113,2026-07-13,2026-07-19,Historical expanding mean
2246,MEJILLONES A LA BRASA CON SALSA THAI,SUGERENCIAS,2.5714285714285716,7,36,2,True,3,114,2026-07-13,2026-07-19,Historical expanding mean
40,SPRITE,REFRESCOS,2.5517241379310347,29,38,0,True,3,115,2026-07-13,2026-07-19,Historical expanding mean
2301,"ENSALADA DE LECHUGA , CEBOLLA Y TOMATE",GUARNICIONES,2.5454545454545454,33,38,0,True,3,116,2026-07-13,2026-07-19,Historical expanding mean
2343,EXTRA CHULETON MATIZADO,EXTRAS,2.4782608695652173,23,37,1,True,2,117,2026-07-13,2026-07-19,Historical expanding mean
2154,PAN SIN GLUTEN,OTROS,2.411764705882353,34,38,0,True,2,118,2026-07-13,2026-07-19,Historical expanding mean
46,REFRESCO LIMON,REFRESCOS,2.3448275862068964,29,38,0,True,2,119,2026-07-13,2026-07-19,Historical expanding mean
2227,COCA COLA LIGHT,REFRESCOS,2.310344827586207,29,38,0,True,2,120,2026-07-13,2026-07-19,Historical expanding mean
2392,ENTRECUESTAS,BLANCOS,2.2580645161290325,31,38,0,True,2,121,2026-07-13,2026-07-19,Historical expanding mean
2184,LA VICALANDA RESERVA,TINTOS,2.230769230769231,13,38,0,True,2,122,2026-07-13,2026-07-19,Historical expanding mean
2318,JUAN GIL PLATA,TINTOS,2.1739130434782608,23,37,1,True,2,123,2026-07-13,2026-07-19,Historical expanding mean
2203,CAFE DOBLE,POSTRES,2.1176470588235294,34,38,0,True,2,124,2026-07-13,2026-07-19,Historical expanding mean
2036,FINGERS DE POLLO,SUGERENCIAS,2.0833333333333335,24,35,3,True,2,125,2026-07-13,2026-07-19,Historical expanding mean
1702,MARTIN MILERS,LICORES,2.0833333333333335,12,36,2,True,2,126,2026-07-13,2026-07-19,Historical expanding mean
1711,WHITE LABEL,LICORES,2.076923076923077,13,36,2,True,2,127,2026-07-13,2026-07-19,Historical expanding mean
57,MARTINI BLANCO,LICORES,2.0,1,37,1,True,2,128,2026-07-13,2026-07-19,Historical expanding mean
2182,MOET&CHANDON BRUT IMPERIAL,ESPUMOSOS,2.0,3,37,1,True,2,129,2026-07-13,2026-07-19,Historical expanding mean
1697,BRUGAL,LICORES,2.0,17,36,2,True,2,130,2026-07-13,2026-07-19,Historical expanding mean
2317,VIÑA  ARDANZA,TINTOS,2.0,18,36,2,True,2,131,2026-07-13,2026-07-19,Historical expanding mean
2289,APEROL SPRITZ,LICORES,2.0,12,38,0,True,2,132,2026-07-13,2026-07-19,Historical expanding mean
2213,JARRA VICTORIA DIEZ,CERVEZAS,2.0,1,36,2,True,2,133,2026-07-13,2026-07-19,Historical expanding mean
2217,TINTO DE VERANO CON VERMOUTH,CERVEZAS,2.0,8,38,0,True,2,134,2026-07-13,2026-07-19,Historical expanding mean
2259,ABADIA RETUERTA,TINTOS,1.9696969696969697,33,38,0,True,2,135,2026-07-13,2026-07-19,Historical expanding mean
2205,CAFE BOMBON,POSTRES,1.9333333333333333,15,38,0,True,2,136,2026-07-13,2026-07-19,Historical expanding mean
2282,JAMON DE BELLOTA  DE JABUGO,SUGERENCIAS,1.8928571428571428,28,38,0,True,2,137,2026-07-13,2026-07-19,Historical expanding mean
1713,BLACK LABEL,LICORES,1.875,16,36,2,True,2,138,2026-07-13,2026-07-19,Historical expanding mean
41,TONICA,REFRESCOS,1.8620689655172413,29,38,0,True,2,139,2026-07-13,2026-07-19,Historical expanding mean
2153,BAINES ORO,LICORES,1.8571428571428572,14,38,0,True,2,140,2026-07-13,2026-07-19,Historical expanding mean
2331,PROTOS 9 MESES,TINTOS,1.8518518518518519,27,35,3,True,2,141,2026-07-13,2026-07-19,Historical expanding mean
2225,CHORIZO CRIOLLO A LA BRASA,SUGERENCIAS,1.75,4,36,2,True,2,142,2026-07-13,2026-07-19,Historical expanding mean
2155,BAILEYS,LICORES,1.75,16,38,0,True,2,143,2026-07-13,2026-07-19,Historical expanding mean
2264,MAR DE FRADES,BLANCOS,1.736842105263158,19,38,0,True,2,144,2026-07-13,2026-07-19,Historical expanding mean
1849,PARAMOS LEGARIS,TINTOS,1.7222222222222223,18,36,2,True,2,145,2026-07-13,2026-07-19,Historical expanding mean
1567,PEDRO XIMENEZ COPA,LICORES,1.7142857142857142,7,36,2,True,2,146,2026-07-13,2026-07-19,Historical expanding mean
1922,VIÑA POMAL SELECCION 106,TINTOS,1.7,20,38,0,True,2,147,2026-07-13,2026-07-19,Historical expanding mean
1873,"BOCATA DE PANCETA DE ""CHASU""",CLASICOS,1.6923076923076923,13,38,0,True,2,148,2026-07-13,2026-07-19,Historical expanding mean
1616,ZUMOS VARIADOS,REFRESCOS,1.6470588235294117,17,35,3,True,2,149,2026-07-13,2026-07-19,Historical expanding mean
2319,LOPEZ CRISTOBAL CRIANZA,TINTOS,1.6363636363636365,22,38,0,True,2,150,2026-07-13,2026-07-19,Historical expanding mean
2371,PETALOS,TINTOS,1.625,24,38,0,True,2,151,2026-07-13,2026-07-19,Historical expanding mean
2367,JOSE PARIENTE,BLANCOS,1.56,25,37,1,True,2,152,2026-07-13,2026-07-19,Historical expanding mean
1795,ARS COLLECTA GRAN RESERVA,ESPUMOSOS,1.5,12,38,0,True,2,153,2026-07-13,2026-07-19,Historical expanding mean
1710,JB,LICORES,1.5,6,36,2,True,2,154,2026-07-13,2026-07-19,Historical expanding mean
2263,MARTIN CODAX,BLANCOS,1.5,2,36,2,True,2,155,2026-07-13,2026-07-19,Historical expanding mean
2291,BULLDOG,LICORES,1.5,4,37,1,True,2,156,2026-07-13,2026-07-19,Historical expanding mean
2210,CAPUCCINO,POSTRES,1.4285714285714286,14,36,2,True,1,157,2026-07-13,2026-07-19,Historical expanding mean
2393,LA MATEO ROSE,ROSADOS,1.4,5,36,2,True,1,158,2026-07-13,2026-07-19,Historical expanding mean
2313,NUMANTHIA,TINTOS,1.4,10,38,0,True,1,159,2026-07-13,2026-07-19,Historical expanding mean
2342,VIÑAS DEL VERO GEWURZTRAMINER,BLANCOS,1.3846153846153846,13,36,2,True,1,160,2026-07-13,2026-07-19,Historical expanding mean
2010,SANTA TERESA,LICORES,1.25,8,38,0,True,1,161,2026-07-13,2026-07-19,Historical expanding mean
2327,LA MATEO BLANCO,BLANCOS,1.25,4,38,0,True,1,162,2026-07-13,2026-07-19,Historical expanding mean
1825,QUESO DE OVEJA,SUGERENCIAS,1.2142857142857142,14,35,3,True,1,163,2026-07-13,2026-07-19,Historical expanding mean
2219,BITTER KAS,REFRESCOS,1.1538461538461537,13,36,2,True,1,164,2026-07-13,2026-07-19,Historical expanding mean
2054,SOLAGÜEN BLANCO,BLANCOS,1.0,2,36,2,True,1,165,2026-07-13,2026-07-19,Historical expanding mean
1780,BALLANTINES,LICORES,1.0,3,37,1,True,1,166,2026-07-13,2026-07-19,Historical expanding mean
2265,LA VICALANDA BLANCO,BLANCOS,1.0,4,35,3,True,1,167,2026-07-13,2026-07-19,Historical expanding mean
2388,AGUA  RECICLABLE,REFRESCOS,1.0,8,37,1,True,1,168,2026-07-13,2026-07-19,Historical expanding mean
2397,JUEGABOLOS,TINTOS,1.0,6,36,2,True,1,169,2026-07-13,2026-07-19,Historical expanding mean
34018,MARICHAL RESERVA  TANNAT,TINTOS,1.0,1,36,2,True,1,170,2026-07-13,2026-07-19,Historical expanding mean
