modelo,MAE_mean,MAE_std,RMSE_mean,R2_mean,sMAPE_mean
Random Forest,18.03067595130758,6.459318234003491,24.829163685072835,0.40084329454413936,16.649720653714464
Gradient Boosting,18.34316881510917,7.371588392254258,25.239488643266185,0.38161886119182703,16.998864582480586
XGBoost,18.497056647523618,7.7531169241905635,25.44024073066987,0.3651751572392938,17.084501556047467
Extra Trees,18.760795181347987,8.012264320197344,25.66935533636959,0.3463608074010648,17.165801024159045
HistGradientBoosting,19.824030917768816,7.178770113972387,27.394834652571024,0.23646618154631865,18.306643475995042
Ridge,22.435257895249908,11.447977370068651,29.539611724512422,0.1196751672192485,21.3955423310659
ElasticNet,22.901832142440565,6.59788404591908,30.71528782660169,0.0679797525501002,21.45189044117987
Lasso,24.5664810571225,15.039746832730527,31.326383462041328,-0.1537376704317631,24.850702878619504
Linear Regression,179.09143544161324,268.8688023237475,221.54836281413546,-65.87118999197065,75.90622121692506
